,Class,ID,Utterance
0,anger,dia146_utt3.wav,takin evy se ou
1,anger,dia468_utt1.wav,or yores but the shaes it on me
2,anger,dia529_utt0.wav,it jus trit i sa and when hesing a man e
3,anger,dia46_utt6.wav,deli it is ba pi as ma shtow i a waiten high or
4,anger,dia7_utt1.wav,to b is with and every boe is nicenew they man
5,anger,dia928_utt4.wav,atels
6,anger,dia853_utt3.wav,vea shure i help you nowt
7,anger,dia809_utt14.wav,hoi gowl what can he ahe
8,anger,dia296_utt5.wav,oses er to shak wit sha   r so large for his plain or
9,anger,dia720_utt9.wav,e te
10,anger,dia395_utt0.wav,ah it may how's a bastago ha
11,anger,dia374_utt12.wav,her i so tere lit you si
12,anger,dia615_utt11.wav,lioness nor russhi
13,anger,dia78_utt1.wav,li say up here that
14,anger,dia538_utt0.wav,er so sh as
15,anger,dia670_utt3.wav,
16,anger,dia287_utt4.wav,i dol te frencs as a such a the very vaster
17,anger,dia115_utt4.wav,nobody say sa kin
18,anger,dia389_utt1.wav,
19,anger,dia84_utt2.wav,aneri yo
20,anger,dia794_utt2.wav,good look your daughter and i arcosely to night for a hunting ond no you you saw ther tha huny at aint that air for and i hold thit shuld be here too
21,anger,dia445_utt14.wav,sa nhes
22,anger,dia761_utt4.wav,
23,anger,dia272_utt2.wav,e ir sae he wo a i lave and giv the a mines mirl
24,anger,dia700_utt8.wav,e ha
25,anger,dia983_utt5.wav,o hund days there a the the rovof on far aary ri
26,anger,dia298_utt6.wav,
27,anger,dia666_utt11.wav,that they time
28,anger,dia388_utt16.wav,ait yery vey rinather is terche thoul it in coi
29,anger,dia874_utt6.wav,
30,anger,dia206_utt9.wav,gining wa apo
31,anger,dia431_utt6.wav,ma ciherasraraned the cae
32,anger,dia996_utt8.wav,ipeatrisane
33,anger,dia646_utt9.wav,i it ily
34,anger,dia256_utt11.wav,ga yo house
35,anger,dia89_utt11.wav,i
36,anger,dia377_utt6.wav,e no i so no  plied the dager
37,anger,dia644_utt9.wav,o so o mad to throw in ho thou er hain
38,anger,dia276_utt2.wav,
39,anger,dia206_utt15.wav,lets on a
40,anger,dia445_utt18.wav,that e
41,anger,dia532_utt7.wav,there yourself
42,anger,dia436_utt2.wav,ner the lage
43,anger,dia248_utt7.wav,s hire or a freemig al who cares sin
44,anger,dia644_utt2.wav,they do not hear me say two wodss
45,anger,dia1017_utt9.wav,ii er
46,anger,dia138_utt11.wav,ho ita sof fi cow i shal qu but lae e gets o thing
47,anger,dia592_utt3.wav,las yes
48,anger,dia395_utt5.wav,isad ol gaty is all jory
49,anger,dia280_utt1.wav,exactly letted him the pats in er
50,anger,dia758_utt5.wav,er a natureon
51,anger,dia873_utt5.wav,o so en then  will ou onow did the great happiness ac is onent oteseuve an sou i sporry ten untre ins in king that an as happy about it
52,anger,dia869_utt2.wav,
53,anger,dia763_utt7.wav,scorn
54,anger,dia770_utt16.wav,racsy
55,anger,dia542_utt1.wav,a haser stiegestuum
56,anger,dia901_utt4.wav,canyo the gis like thet ina
57,anger,dia632_utt5.wav,sugrie
58,anger,dia759_utt10.wav,my boy
59,anger,dia693_utt5.wav,but she tell me something i don't know
60,anger,dia996_utt17.wav,and heis oncant his year as that way
61,anger,dia182_utt9.wav,
62,anger,dia123_utt4.wav,is a why
63,anger,dia426_utt2.wav,glany was bright and an a want i that te so um i i something that it a yo meyo joy
64,anger,dia78_utt2.wav,the ma me my
65,anger,dia374_utt8.wav,abrin o ten
66,anger,dia778_utt2.wav,she has sen sin tim ar sad yery se jome
67,anger,dia312_utt9.wav,
68,anger,dia786_utt2.wav,or is very mu and she un begran
69,anger,dia722_utt2.wav,et this tapl pay i swat hors
70,anger,dia352_utt3.wav,ou wener that because i care that a dine
71,anger,dia794_utt6.wav,an i cam ag an sai my life with anywhere
72,anger,dia830_utt2.wav,whac it gray
73,anger,dia234_utt6.wav,so not making canke
74,anger,dia212_utt7.wav,anan in her genti haging her knees an stoop
75,anger,dia395_utt4.wav,ahexatible bery
76,anger,dia888_utt1.wav,ou yeo back out tat he ear bi ted rogs
77,anger,dia707_utt12.wav,his  ri ri ma here de
78,anger,dia431_utt12.wav,wet wer i o ad skin and
79,anger,dia148_utt17.wav,tid nit know all about hi
80,anger,dia451_utt1.wav,o get oi ot is noug
81,anger,dia839_utt1.wav,ow
82,anger,dia1018_utt13.wav,never
83,anger,dia189_utt6.wav,are
84,anger,dia154_utt6.wav,i ain daing your soul for troy liht trying himsi
85,anger,dia304_utt10.wav,noireire
86,anger,dia829_utt0.wav,and why were yo sisit mony an in the chase was bab it isn't an el wo a secting harger tashane
87,anger,dia317_utt14.wav,o s e te just sizes an  e tin there
88,anger,dia337_utt18.wav,by seven nay
89,anger,dia188_utt3.wav,well yuswill i jack as i bean
90,anger,dia148_utt18.wav,we bo w e aneran oe not mery i said r ugly
91,anger,dia509_utt4.wav,ayimeble ham
92,anger,dia961_utt3.wav,not over
93,anger,dia195_utt8.wav,jam and she  i i sall ger ol my lis
94,anger,dia908_utt14.wav,so ce for i no looking may hail oen wanta talkin  on steping wora jane hel in
95,anger,dia182_utt3.wav,eshuneis all your fault narrls cack orelichenche
96,anger,dia716_utt4.wav,and if yo won ol la berson withon any appreciation of the sentatay about at yora dalgo and afendit is alt
97,anger,dia529_utt3.wav,ba sids how are you ses usi you so yet batin
98,anger,dia554_utt0.wav,why art you o yes
99,anger,dia518_utt3.wav,because i show sol cat figure enoug
100,anger,dia817_utt7.wav,hes tou
101,anger,dia990_utt19.wav,ge
102,anger,dia755_utt1.wav,herits an you i nain was any wo
103,anger,dia615_utt9.wav,whyt joy's cousin novel crii isn't it i
104,anger,dia717_utt12.wav,mo let  and   e
105,anger,dia431_utt13.wav,wa r aing as i
106,anger,dia28_utt1.wav,
107,anger,dia596_utt0.wav,only eighteit words af meating at a cal
108,anger,dia1013_utt3.wav,isw
109,anger,dia908_utt13.wav,sopre
110,anger,dia11_utt1.wav,eey e lee ltel
111,anger,dia884_utt8.wav,e gracioust thing is i say a whole piece o myself
112,anger,dia30_utt14.wav,again and do you want chance to jange or ma you wone a
113,anger,dia1005_utt20.wav,
114,anger,dia901_utt0.wav,et as as ein is earls an es
115,anger,dia917_utt3.wav,no
116,anger,dia6_utt18.wav,t ol sak
117,anger,dia518_utt1.wav,what has you tell me sosemee a
118,anger,dia918_utt10.wav,whoc aird fra man
119,anger,dia874_utt13.wav,i a asation he
120,anger,dia946_utt11.wav,te
121,anger,dia745_utt10.wav,a i do to joy it  it was me
122,anger,dia831_utt4.wav,i get them maried at been sion
123,anger,dia518_utt0.wav,hapnin is aes pesweeting hetty
124,anger,dia634_utt7.wav,how
125,anger,dia758_utt4.wav,most satisfying
126,anger,dia599_utt4.wav,he her abut had i was a
127,anger,dia366_utt5.wav,i so so  you he
128,anger,dia828_utt15.wav,ehe that's  the mol i do knowis
129,anger,dia714_utt5.wav,ere and severe atigors as a rom round in front of it
130,anger,dia504_utt12.wav,fa
131,anger,dia955_utt6.wav,bahow is bal he
132,anger,dia754_utt4.wav,an askin
133,anger,dia15_utt20.wav,rigt acke
134,anger,dia342_utt13.wav,choose you jak gak
135,anger,dia523_utt21.wav,and e i
136,anger,dia231_utt7.wav,onin
137,anger,dia761_utt0.wav,indee jes i
138,anger,dia64_utt11.wav,dos call it not be anythiing
139,anger,dia285_utt7.wav,calsa
140,anger,dia888_utt17.wav,thos whole i notini yer
141,anger,dia1012_utt9.wav,arrow note wy
142,anger,dia295_utt5.wav,now not
143,anger,dia516_utt0.wav,la  en lost ar i did at
144,anger,dia480_utt9.wav,
145,anger,dia206_utt11.wav,
146,anger,dia50_utt15.wav,
147,anger,dia153_utt12.wav,i could play yopo
148,anger,dia930_utt15.wav,its al gid about rich a
149,anger,dia329_utt4.wav,
150,anger,dia298_utt0.wav,ln
151,anger,dia232_utt7.wav,is is of a on aaly a mery lapmy
152,anger,dia39_utt15.wav,o hey ha this olt e bi its that soway strant no a i don't know why my her tul is you either any says' stript her te yerlage
153,anger,dia841_utt4.wav,as erful place it has tery ever go
154,anger,dia312_utt17.wav,no ont yoi caran a my on i anctre over for you
155,anger,dia698_utt2.wav,you se love me
156,anger,dia829_utt2.wav,
157,anger,dia29_utt7.wav,you are not sipose people mave eyes
158,anger,dia39_utt18.wav,
159,anger,dia996_utt15.wav,
160,anger,dia932_utt1.wav,somethinliti i saw
161,anger,dia887_utt11.wav,e h
162,anger,dia254_utt6.wav,hard hair
163,anger,dia508_utt19.wav,tano so ta
164,anger,dia556_utt4.wav,forter hatme e
165,anger,dia503_utt11.wav,is
166,anger,dia996_utt13.wav,i say is now o tat
167,anger,dia173_utt4.wav,te tity e i i my tine he was mi for i hold my that acpily avenised any fan slay ir
168,anger,dia407_utt7.wav,ainpilme
169,anger,dia21_utt6.wav,no taper as mine
170,anger,dia902_utt5.wav,i bery waste wory
171,anger,dia54_utt2.wav,maybe well wel so so a whew is it this then tat i forget i
172,anger,dia918_utt9.wav,aen night
173,anger,dia351_utt9.wav,and he get in for a said i
174,anger,dia1027_utt5.wav,ae i i sa wi erismi
175,anger,dia15_utt18.wav,me a little overthis
176,anger,dia451_utt4.wav,he is mockenway at a great hor hour
177,anger,dia595_utt0.wav,ja a
178,anger,dia200_utt5.wav,can i tie so ill imadin him that  tet el you soddin
179,anger,dia513_utt4.wav,ha
180,anger,dia1016_utt14.wav,i'm sorry ir heart broke down theeses but i won son o see a som o my real friends write now but thes   hsay tal
181,anger,dia99_utt7.wav,ay ha so gain in sire
182,anger,dia792_utt8.wav,sir
183,anger,dia596_utt6.wav,i hatust mose triko him
184,anger,dia747_utt10.wav,e last your o thi mat fow now this hat
185,anger,dia505_utt14.wav,do you realize iasenfortunins
186,anger,dia151_utt8.wav,ou fact him hurreely
187,anger,dia512_utt8.wav,and then you rememvere going into my curse and sealing aone
188,anger,dia431_utt11.wav,
189,anger,dia329_utt1.wav,this is lucy e e
190,anger,dia317_utt10.wav,he is cantulfian te friend it is possiblebe for sakes
191,anger,dia74_utt6.wav,o an e cep a
192,anger,dia592_utt12.wav,o what i is in is and i can na suer
193,anger,dia615_utt8.wav,ma dea
194,anger,dia867_utt7.wav,oh that yet taxyou know i hate cried ol jo sare and  scouping and atup on my some worning
195,anger,dia394_utt0.wav,hebily i spet i ma pierly
196,anger,dia138_utt0.wav,sa sa nery fire i
197,anger,dia519_utt1.wav,do you know just happened
198,anger,dia504_utt13.wav,e ba
199,anger,dia844_utt11.wav,y chatter i smoke your lovy og your villiscercely
200,anger,dia625_utt13.wav,a in the min to tak o fancy e said tha
201,anger,dia548_utt5.wav,
202,anger,dia45_utt3.wav,now on i had no for sake
203,anger,dia121_utt5.wav,ste a tat emt worthing et along hefo  wa e in o etor hande
204,anger,dia853_utt12.wav,on a carats made a dallowed crackle crangle
205,anger,dia596_utt16.wav,te im maa a spit  fell e woin wonting for cal
206,anger,dia463_utt5.wav,whi's the god wore tisi e hary
207,anger,dia755_utt5.wav,sa in a names tqoin
208,anger,dia287_utt2.wav,o she di't ter loke
209,anger,dia996_utt4.wav,but do you think my sisters keenly triny little brain of e eas aa i now so sime out of their lines with lie ousing sumives to the air
210,anger,dia39_utt6.wav,
211,anger,dia138_utt15.wav,there's  name there's nothing o honest me isyou
212,anger,dia428_utt1.wav,iin for adli
213,anger,dia599_utt5.wav,and but by the time i ga te tory how base wor
214,anger,dia431_utt14.wav,o non askin ecal y sepovargaria
215,anger,dia352_utt1.wav,but oloke who made u sad like a happy e
216,anger,dia648_utt2.wav,na yet o
217,anger,dia254_utt3.wav,
218,anger,dia351_utt3.wav,
219,anger,dia496_utt7.wav,oh hatiim
220,anger,dia728_utt0.wav,i sawt im a at and saw haping a it was a tortupe
221,anger,dia448_utt8.wav,
222,anger,dia738_utt6.wav,lok a yas do
223,anger,dia312_utt2.wav,whi o witit
224,anger,dia39_utt17.wav,dos in mine
225,anger,dia546_utt8.wav,wayi eenin
226,anger,dia1016_utt18.wav,is in is lover at had him in enoin ai who sis o ti e soin odis os
227,anger,dia874_utt8.wav,ye sayy as she looked
228,anger,dia261_utt5.wav,anow yoee a mad y si
229,anger,dia786_utt3.wav,ete bi may
230,anger,dia464_utt20.wav,i did i was y  arm e
231,anger,dia1017_utt5.wav,wi think her gravy said y
232,anger,dia154_utt4.wav,wat go y go te sail forla
233,anger,dia129_utt7.wav,a decline cats
234,anger,dia236_utt15.wav,atit oge ayer iam notiny embarris any more o
235,anger,dia592_utt10.wav,is a lost is wine
236,anger,dia760_utt1.wav,now a i cruoe away
237,anger,dia486_utt12.wav,mr
238,anger,dia448_utt3.wav,is i te
239,anger,dia32_utt14.wav,e boahais a eve is she guie guise
240,anger,dia530_utt12.wav,o this shall be a struk
241,anger,dia707_utt11.wav,say howted air an a evening forn
242,anger,dia855_utt1.wav,just well as question com are youny friends are you girs i migt pay an with anger ll tell my had on my tree
243,anger,dia113_utt1.wav,he always had evy in hearer
244,anger,dia181_utt0.wav,ane saw it hows i tankin i tat masuo ot o always oe o
245,anger,dia895_utt2.wav,talsa
246,anger,dia459_utt1.wav,
247,anger,dia448_utt9.wav,a
248,anger,dia699_utt1.wav,
249,anger,dia980_utt5.wav,that's mad it ou i the jos yoryacry wis i of his systeralire we
250,anger,dia686_utt5.wav,
251,anger,dia302_utt3.wav,tal any he go tho ay arly know o notis
252,anger,dia588_utt0.wav,e raggedits for me
253,anger,dia232_utt5.wav,a e ta la why on hairy a fore
254,anger,dia295_utt17.wav,it ar
255,anger,dia261_utt4.wav,iha har you
256,anger,dia696_utt5.wav,tita mines
257,anger,dia905_utt9.wav,
258,anger,dia393_utt6.wav,a a ba hed
259,anger,dia329_utt7.wav,
260,anger,dia704_utt1.wav,an wa a te ery eai e co
261,anger,dia463_utt10.wav,forget we are useful
262,anger,dia595_utt3.wav,not yo he is hay
263,anger,dia236_utt5.wav,i will charklly if i at are you tan on ters e after one day
264,anger,dia112_utt3.wav,o hey how fine semtays house to do the rest in my point sopow taty gelius
265,anger,dia637_utt2.wav,s that so  said bi i i a e wu
266,anger,dia996_utt16.wav,old there'sn't horrid line w is  gry lan
267,anger,dia456_utt6.wav,wodi jail we t
268,anger,dia1016_utt19.wav,hare a time at so acoli
269,anger,dia477_utt15.wav,nine times soon
270,anger,dia786_utt1.wav,give me
271,anger,dia665_utt18.wav,i know why she had drop that work for a which wose won mi scool a
272,anger,dia385_utt0.wav,ta a a ero he wo
273,anger,dia963_utt6.wav,and just now o whars i shell he
274,anger,dia1025_utt14.wav,e her tappin there i know
275,anger,dia933_utt14.wav,e boigerily
276,anger,dia828_utt6.wav,no sits no saing ogan
277,anger,dia295_utt16.wav,i hat tiny laty an her me here before anrs anou
278,anger,dia793_utt5.wav,whil shes tay at if you gote tel or you gasp yontor fanly er yan ha siterus si
279,anger,dia428_utt6.wav,lea
280,anger,dia39_utt4.wav,i talked ou and nothing
281,anger,dia123_utt10.wav,il an circle he disagray
282,anger,dia254_utt1.wav,es
283,anger,dia454_utt2.wav,y in eed some wate it he is reary looking moreitis
284,anger,dia596_utt15.wav,aor siterly arts isso
285,anger,dia303_utt0.wav,
286,anger,dia1022_utt10.wav,si yor by going awisyo my an
287,anger,dia445_utt17.wav,is in the cossack it wo are so nary
288,anger,dia200_utt1.wav,no he wars o
289,anger,dia1007_utt11.wav,carryi tan herl over there
290,anger,dia696_utt4.wav,i sheas aan tin as us anywhere yay
291,anger,dia279_utt13.wav,no
292,anger,dia623_utt2.wav,hoscol you such a hit little care
293,anger,dia457_utt2.wav,no no no o wat we nodginwh a me o
294,anger,dia272_utt3.wav,any of ty rites gerl
295,anger,dia9_utt13.wav,ik a chery ole horin along unespar
296,anger,dia1025_utt2.wav,uti had wo
297,anger,dia1036_utt10.wav,we
298,anger,dia446_utt14.wav,am i a tys niin such in
299,anger,dia523_utt12.wav,bari
300,anger,dia792_utt12.wav,is she my sister an tunjon
301,anger,dia351_utt13.wav,why thinki ady time
302,anger,dia546_utt9.wav,o silese and here e her is li a tat
303,anger,dia961_utt1.wav,r an ese
304,anger,dia794_utt3.wav,yes sad rucial sayiy didn ma anyenis
305,anger,dia1025_utt5.wav,ihe aen drinking wo wats
306,anger,dia699_utt12.wav,
307,anger,dia598_utt2.wav,suted y in an ail
308,anger,dia841_utt16.wav,e so syllie is a a e's very worry i
309,anger,dia248_utt5.wav,ana e sir for i
310,anger,dia182_utt6.wav,a soutly  can
311,anger,dia38_utt0.wav,piloking
312,anger,dia81_utt13.wav,eer
313,anger,dia801_utt7.wav,i naw yelsly o i
314,anger,dia265_utt0.wav,i then her no me an ygorn did me
315,anger,dia163_utt8.wav,i aten a on m ma in away
316,anger,dia664_utt4.wav,isus loy swinming a yewy
317,anger,dia431_utt16.wav,now the meis ta too about this all ile new your keen things at gon and i doesn't say what is he bury a comfortable and i dscout scash
318,anger,dia525_utt4.wav,si
319,anger,dia625_utt11.wav,but they were set it down
320,anger,dia279_utt4.wav,aty greeer say your house as kill
321,anger,dia508_utt22.wav,in it  ho litle help cas
322,anger,dia666_utt4.wav,it's the sigty tols now i a places wo e
323,anger,dia935_utt2.wav,away this sa a horse i eer
324,anger,dia83_utt2.wav,they horr you a
325,anger,dia317_utt9.wav,a yin iri o gitch me
326,anger,dia1022_utt16.wav,siay te escresion ow he now sach wockmy wic my way something at you well never on his hand
327,anger,dia538_utt3.wav,yous at wanto cing ach wat
328,anger,dia720_utt11.wav,but i ot hor was as i ta did you no he kape over my nae wa ham with some show wo
329,anger,dia772_utt1.wav,boundsom the asshos
330,anger,dia700_utt3.wav,miswo
331,anger,dia327_utt6.wav,a o atairs you asin your haesea
332,anger,dia758_utt3.wav,a si
333,anger,dia151_utt16.wav,you are hassy means to me
334,anger,dia366_utt9.wav,i no a million
335,anger,dia251_utt0.wav,a jis an my i can wic you plas aw him as soon o
336,anger,dia328_utt4.wav,e it's al i saer you sa ow i dar you
337,anger,dia977_utt6.wav,she gere not jealous u
338,anger,dia771_utt16.wav,i ow an
339,anger,dia963_utt3.wav,i always knows you liked him
340,anger,dia168_utt9.wav,now thereis no whari nam is all looking
341,anger,dia46_utt2.wav,eo hates  a two three or
342,anger,dia997_utt9.wav,
343,anger,dia1025_utt7.wav,ritin so small pitchy gry
344,anger,dia637_utt1.wav,unasually fessen te flowers before the ashal j so ta
345,anger,dia861_utt3.wav,and theres me hes ashin e her
346,anger,dia1011_utt11.wav,i is mylits
347,anger,dia623_utt3.wav,iont i com on a altmy it is is te worst dan wife
348,anger,dia637_utt6.wav,no on osal a u hee wit
349,anger,dia696_utt6.wav,nti o therelatcing an where i
350,anger,dia572_utt19.wav,he are way tisara mery now she touk to my e fe y and he stood in artan ter
351,anger,dia926_utt4.wav,not he trying now i nan jolly i ha
352,anger,dia853_utt11.wav,ecause because it is tis itdid be like knew hang thi sguitar and and never plain it only dis guitor once suy clame
353,anger,dia210_utt2.wav,i'll get your my wife eger ca
354,anger,dia887_utt6.wav,understein its actio eswy
355,anger,dia803_utt0.wav,for la a wi
356,anger,dia707_utt10.wav,i yesver fer that
357,anger,dia150_utt2.wav,you taker in not ot my daughter an they lot back ces you
358,anger,dia109_utt3.wav,a
359,anger,dia237_utt2.wav,ameniinforan isuscition a i tra callin siei a in inger as ye has ea an wa i i as ese
360,anger,dia184_utt21.wav,ian it requied wit his sail a i jo sord o mans
361,anger,dia167_utt2.wav,othe riaty words in i haid have e wor
362,anger,dia497_utt1.wav,that les you wron on head or wron
363,anger,dia532_utt13.wav,ished ather obstacles i ho day in meagets the world this has accre osway
364,anger,dia843_utt5.wav,my parents said the miney comrade
365,anger,dia28_utt0.wav,pa hert fre
366,anger,dia599_utt2.wav,genera
367,anger,dia994_utt6.wav,who are you whare you ask i hate re
368,anger,dia89_utt0.wav,suxs in say how night yor vo e synthenic s hire
369,anger,dia437_utt0.wav,is
370,anger,dia671_utt17.wav,
371,anger,dia1017_utt3.wav,i know i etas yourself non at is worth heaving
372,anger,dia126_utt12.wav,shet o tate hole
373,anger,dia963_utt2.wav,i knew hi
374,anger,dia964_utt9.wav,
375,anger,dia679_utt13.wav,again me shailess eputes i bor
376,anger,dia761_utt7.wav,lie
377,anger,dia929_utt1.wav,its er tis getting too yet i so much of the mine now
378,anger,dia554_utt1.wav,h
379,anger,dia51_utt8.wav,now he never hd this hige i ad we aago frend horrer
380,anger,dia819_utt5.wav,secret jaty glass was at secret jing another  much wile i sight for one that its
381,anger,dia339_utt3.wav,a shan i
382,anger,dia571_utt13.wav,ia a a hang
383,anger,dia32_utt13.wav,as
384,anger,dia588_utt5.wav,heemeho
385,anger,dia235_utt0.wav,no replied  many tings the world wothe knew er yon andi eye els
386,anger,dia256_utt2.wav,you like you havnt don  enap
387,anger,dia699_utt3.wav,he sair ti ti my wor in in mine
388,anger,dia1025_utt9.wav,
389,anger,dia319_utt6.wav,and i feel like i aren business room and i feel like i harer he is not shor i have most miws woman
390,anger,dia945_utt8.wav,ai is tat yo aton
391,anger,dia658_utt11.wav,da a e sa a aterawy
392,anger,dia148_utt3.wav,ily ther w i believe a te suvirgions
393,anger,dia51_utt10.wav,i megijo e an i no more
394,anger,dia936_utt17.wav,dearest so g yo missus jan
395,anger,dia438_utt0.wav,icer a
396,anger,dia960_utt9.wav,i daresay as i'm ashame i shake hes  my n
397,anger,dia983_utt2.wav,charing erbain is my so howr
398,anger,dia493_utt12.wav,
399,anger,dia770_utt10.wav,ay
400,anger,dia996_utt10.wav,hanrat is oft e to i i o mon eno ee eriso i heares who he now
401,anger,dia955_utt2.wav,andbodit is ismes so i said yes youe know i na netver knew the way rafter insisine tedi
402,anger,dia445_utt15.wav,deside anilaration
403,anger,dia123_utt2.wav,
404,anger,dia412_utt14.wav,wo had  frofg his bat  he lohis off a caut
405,anger,dia208_utt6.wav,well er ano bit
406,anger,dia156_utt3.wav,i i think it fullid times bu  the little one is the great lack girl that it has te lon bes
407,anger,dia327_utt0.wav,oryo red e he saids worring o
408,anger,dia933_utt12.wav,jelmy great erly as was you
409,anger,dia254_utt9.wav,i ever i a name
410,anger,dia1016_utt0.wav,my
411,anger,dia795_utt7.wav,so eve eer
412,anger,dia853_utt9.wav,it you are not bot letter than line his hirde out side o just had t day bac
413,anger,dia163_utt3.wav,here richad
414,anger,dia405_utt4.wav,face
415,anger,dia831_utt0.wav,as he reathis t li e unreasonan anxually caradout isit ti time li life and o isn'tactually good t
416,anger,dia555_utt2.wav,yes
417,anger,dia772_utt3.wav,in aai at his shabys silenly e aril doc crying his wack
418,anger,dia573_utt10.wav,no hadit inelydon as tete chancin yo med it very tuty large
419,anger,dia770_utt2.wav,an  elsers
420,anger,dia12_utt11.wav,ad is oll workin out again a do i ta
421,anger,dia530_utt10.wav,o it you not find my father in i shin
422,anger,dia804_utt3.wav,i was surest whatevr are o dlying
423,anger,dia6_utt5.wav,me he is misseciti
424,anger,dia188_utt4.wav,oh sir i am an it is iy always lake to e
425,anger,dia237_utt5.wav,
426,anger,dia400_utt1.wav,ow mav my ine  howwords aase
427,anger,dia804_utt7.wav,you think his comkin here makanis magnane covrals of coiteda pile
428,anger,dia648_utt3.wav,serter i yes
429,anger,dia54_utt7.wav,i just some yaras yo na made alway o ma shes she re for me yes as
430,anger,dia119_utt12.wav,it did not alas a cao ot
431,anger,dia260_utt1.wav,se esm my a ta ha for me
432,anger,dia456_utt8.wav,e has shou gone to ring in oar sorry an new miss rait is better not hienn ision
433,anger,dia486_utt10.wav,is hears
434,anger,dia273_utt8.wav,sunday ou as a tusin no my best friends sin ye wat inthe me longs or her english
435,anger,dia997_utt3.wav,who has a haske hor is wat wer he askd
436,anger,dia801_utt8.wav,
437,anger,dia699_utt2.wav,tou
438,anger,dia50_utt1.wav,ont not you me
439,anger,dia365_utt6.wav,grey ir and  i i you
440,anger,dia977_utt3.wav,oh i yew i so sy mercyio you
441,anger,dia865_utt3.wav,iso ot that is it iasit i a
442,anger,dia1007_utt10.wav,yes is mois
443,anger,dia839_utt11.wav,instead of using my name
444,anger,dia54_utt23.wav,not sas i  for i
445,anger,dia39_utt16.wav,no i i av not why my care til i seal ethat anu ays a stect tar i gervige  as i mi
446,anger,dia902_utt15.wav,i look a an eager an oever once aha
447,anger,dia666_utt9.wav,ne there she sees ers
448,anger,dia28_utt2.wav,
449,anger,dia867_utt1.wav,i alone ik wet you
450,anger,dia513_utt3.wav,o mier genrals aoos ha aeil jis oly o
451,anger,dia405_utt1.wav,
452,anger,dia615_utt18.wav,al  jou juk a
453,anger,dia51_utt7.wav,the  ig sall elitins hands
454,anger,dia599_utt10.wav,iso my newspaper andspek hin one
455,anger,dia445_utt19.wav,you fever nor so
456,anger,dia833_utt4.wav,justas
457,anger,dia704_utt2.wav,now ther  no i'll tar we send out e water jus fi e last i
458,anger,dia758_utt2.wav,rob
459,anger,dia29_utt10.wav,in e or out for girees ngity a haycen say tey on te arnri eh she say now
460,anger,dia888_utt3.wav,i cry a ue sunday in isiti san
461,anger,dia833_utt2.wav,ery
462,anger,dia572_utt20.wav,d she swot a my i ei that he soodid masin
463,anger,dia923_utt10.wav,i what irls a
464,anger,dia875_utt4.wav,sitting room yer
465,anger,dia273_utt1.wav,jetinis house
466,anger,dia466_utt14.wav,ay li a now
467,anger,dia971_utt2.wav,a good sih
468,anger,dia58_utt4.wav,ah she sa was i so carets you can her oany more that maby tree it it it
469,anger,dia704_utt3.wav,gan si gill me lae ite avisin i cave govver a
470,anger,dia182_utt5.wav,nevern gilly rima ichli mi was my
471,anger,dia995_utt0.wav,ete's a case byin the street he wat agan e in a po jet were there they
472,anger,dia707_utt0.wav,is ha
473,anger,dia81_utt11.wav,ee so se  atese evey day
474,anger,dia843_utt2.wav,saras heard horce
475,anger,dia51_utt5.wav,and no whisy as my uncs ross
476,anger,dia351_utt12.wav,b i want to
477,anger,dia835_utt9.wav,oh asi is her
478,anger,dia946_utt13.wav,
479,anger,dia921_utt10.wav,she love his lawter yes said he
480,anger,dia621_utt4.wav,tdeaecepers nn
481,anger,dia400_utt0.wav,ee
482,anger,dia40_utt1.wav,yes yes av  grown for tay
483,anger,dia129_utt10.wav,whuse op i ever you aid and burn every calpula sines on post
484,anger,dia932_utt4.wav,it is my marty now change my mind an it is an than yos jelly
485,anger,dia317_utt15.wav,yes why here's a girl fas an an havan a tan tis is reallie
486,anger,dia51_utt9.wav,was a o life
487,anger,dia295_utt9.wav,now dain't you knew the same ting
488,anger,dia767_utt10.wav,
489,anger,dia904_utt7.wav,
490,anger,dia288_utt6.wav,i
491,anger,dia593_utt5.wav,why is as he hagains me
492,anger,dia693_utt2.wav,her night sky was a nild but day howe this greef
493,anger,dia615_utt13.wav,i said all those was why did you send e te tess
494,anger,dia960_utt0.wav,the mayor carriad by six in his hands
495,anger,dia342_utt6.wav,dse sosets
496,anger,dia521_utt3.wav,an wit was ogishon for the fart and now as turnd out
497,anger,dia985_utt4.wav,pass h
498,anger,dia256_utt6.wav,en also ham i be far away in sea
499,anger,dia395_utt2.wav,o ga what
500,anger,dia572_utt10.wav,she's he labor he like aty six son o edg
501,anger,dia596_utt8.wav,i  a a ma merywhe ay ma
502,anger,dia869_utt11.wav,efore ye nol she's ahead
503,anger,dia207_utt18.wav,isily or thing now on se
504,anger,dia605_utt1.wav,cat sa wet let go there's all read
505,anger,dia963_utt0.wav,rot yes so oe he becat he a who ev e out hea heba a
506,anger,dia755_utt3.wav,her me sco
507,anger,dia84_utt3.wav,re nigt after nays i
508,anger,dia907_utt1.wav,seting here singerown tree
509,anger,dia255_utt10.wav,wil a alat
510,anger,dia448_utt1.wav,laghe h
511,anger,dia179_utt19.wav,hin osh
512,anger,dia761_utt3.wav,
513,anger,dia908_utt7.wav,so i thought that cane ce i glein her to say o that same kame time wone natures was stec faculer for a wiall you care about bots sucking faran an some woman
514,anger,dia804_utt8.wav,hy don't you think that someone else fer a jange
515,anger,dia531_utt10.wav,o s sis for ta day a good versan russian
516,anger,dia537_utt3.wav,come on an yes wy part she says she re well
517,anger,dia6_utt11.wav,they di ay my suggestiuve
518,anger,dia946_utt9.wav,
519,anger,dia864_utt4.wav,my mine as mad a onor a a tri wilsutamy aa o a sil pas this is ot nice ihoness
520,anger,dia568_utt10.wav,not is juss intree accounts ut ya ass i smort
521,anger,dia184_utt13.wav,yor a for us i suld to shaning a roin i do liven y i
522,anger,dia148_utt0.wav,ot as such as he as was my table i ha i knew
523,anger,dia617_utt6.wav,of eon ho bewol himself a i a he
524,anger,dia356_utt17.wav,her than thank you man
525,anger,dia649_utt23.wav,asalireesreses py te cors to aly seri
526,anger,dia700_utt10.wav,siss eeheis o y el
527,anger,dia206_utt16.wav,e
528,anger,dia92_utt0.wav,anlatow
529,anger,dia374_utt4.wav,ye i sory ne
530,anger,dia154_utt2.wav,wrie i say now nwbare
531,anger,dia351_utt5.wav,arer  thate i got he saing nothing
532,anger,dia833_utt3.wav,harry i me
533,anger,dia1018_utt14.wav,may greati a my my ay a ations
534,anger,dia496_utt10.wav,i am nockin uon ti ross yo'll just cattin bedeer
535,anger,dia865_utt1.wav,then ideed my hat aa sinas
536,anger,dia503_utt9.wav,o yes for if i i quit ellen
537,anger,dia482_utt2.wav,much of our low intraction
538,anger,dia835_utt10.wav,yemi
539,anger,dia568_utt11.wav,or any work i dol i tinsyoual parts in my pungy mysets she knows joys
540,anger,dia592_utt13.wav,different eme
541,anger,dia955_utt1.wav,and we nay it is i sme  i sint here
542,anger,dia123_utt6.wav,the chiepful madies wot that al lik lon my day
543,anger,dia445_utt16.wav,aow wyin
544,anger,dia661_utt8.wav,i ways the virst giv the bird
545,anger,dia241_utt8.wav,i i a a ans iso poet
546,anger,dia388_utt5.wav,i higly have hat so queer
547,anger,dia259_utt2.wav,i sawach
548,anger,dia265_utt2.wav,u wa o scocia agra gre howas in how a
549,anger,dia933_utt11.wav,he afarndly ter
550,anger,dia70_utt7.wav,nat noi way i won't let you
551,anger,dia256_utt12.wav,
552,anger,dia295_utt7.wav,apo gow
553,anger,dia672_utt11.wav,he's only now ross you say rich whice
554,anger,dia39_utt1.wav,the lat ye tell me much sos to day
555,anger,dia576_utt10.wav,ha serious plance yi dear bert
556,anger,dia759_utt8.wav,was mi hei
557,anger,dia275_utt11.wav,e e re eli
558,anger,dia658_utt5.wav,at he say
559,anger,dia831_utt5.wav,i get them er et at maks a em before you love side a nolase toe o a strange
560,anger,dia29_utt8.wav,now  mapos or harpol muta
561,anger,dia888_utt2.wav,i finish te sery hall  y e he i so danis any an an e
562,anger,dia82_utt2.wav,ever is her father i should be a gour ray
563,anger,dia996_utt19.wav,and if he ye ant an how gosin i tis te wi she shuldn't be a married at toles o
564,anger,dia184_utt19.wav,and tha carmi says y nameor is nestors
565,anger,dia167_utt9.wav,as ams he said
566,anger,dia351_utt10.wav,by a words of ahry har
567,anger,dia304_utt9.wav,ishi li verse
568,anger,dia950_utt2.wav,this year was apost to be great
569,anger,dia646_utt20.wav,in
570,anger,dia805_utt6.wav,at the  lovely avanda gives me her number and i goadrop
571,anger,dia365_utt14.wav,aso crachel
572,anger,dia907_utt11.wav,ou pos i sa rigt haw eyes on ger atam
573,anger,dia448_utt2.wav,
574,anger,dia852_utt7.wav,o bias he  so ansear her me
575,anger,dia10_utt1.wav,gray res said again
576,anger,dia51_utt6.wav,no syesake wi you a go fora e min versary wilan eima
577,anger,dia153_utt10.wav,e disturbing iop of practice
578,anger,dia424_utt12.wav,and yet i had she wasn't gan she is not on she stepp with him ik a race
579,anger,dia1025_utt8.wav,
580,anger,dia545_utt0.wav,anme yeinit cross e lag
581,anger,dia39_utt0.wav,anny ye a mesege
582,anger,dia828_utt13.wav,o sudden excersamah i said this is my friend's machane
583,anger,dia49_utt2.wav,especially when that professor remaine last sign judging not wholly o the lad
584,anger,dia138_utt1.wav,her i soul my y a jane sara yee ne wine nam on
585,anger,dia759_utt5.wav,b a ser ta a ar sopiciated yourson
586,anger,dia913_utt3.wav,well ye saw but who she saw ge mans gan ther
587,anger,dia885_utt4.wav,lookinini
588,anger,dia89_utt9.wav,n
589,anger,dia913_utt0.wav,iegrase you ther
590,anger,dia944_utt1.wav,si  you ate like haty long
591,anger,dia505_utt12.wav,here he said is urgent
592,anger,dia961_utt4.wav,noe fel
593,anger,dia869_utt12.wav,you be oh mere
594,anger,dia275_utt16.wav,non io
595,anger,dia1012_utt6.wav,is
596,anger,dia676_utt14.wav,
597,anger,dia853_utt7.wav,
598,anger,dia374_utt7.wav,
599,anger,dia478_utt10.wav,why soad are your relitionship to so that i have it yo fare your love for what asuote world
600,anger,dia714_utt4.wav,ii was ordering is it possible to increase security on panious halishing section
601,anger,dia833_utt5.wav,
602,anger,dia740_utt3.wav,as is exactly y anthing inex to thing it is woll me wo more cro
603,anger,dia112_utt2.wav,this is my hole il yee lok ful the millar doi ble
604,anger,dia70_utt8.wav,redoy
605,anger,dia295_utt13.wav,lis wus yhou esery i saw
606,anger,dia908_utt15.wav,i all the bat san chane ilo by  by y that things abery welk ati
607,anger,dia498_utt5.wav,it is misus at ting er esinin askple wine things jarry wo e ellhin
608,anger,dia301_utt8.wav,
609,anger,dia191_utt0.wav,te da a get oer on my poor ta
610,anger,dia615_utt7.wav,e oi
611,anger,dia508_utt21.wav,its mesm
612,anger,dia813_utt3.wav,i thought she are the wies of ruls ine ye n
613,anger,dia496_utt12.wav,low that i had not gaiin ainin a havein something else
614,anger,dia23_utt1.wav,o hey you ha i tot a
615,anger,dia274_utt7.wav,is is it for me
616,anger,dia555_utt4.wav,o the hey cry houtsail a
617,anger,dia126_utt7.wav,and e doed in an be stat and ball an floor
618,anger,dia254_utt5.wav,fom the again
619,anger,dia983_utt7.wav,those you have got on me i evry way right now i have how
620,anger,dia766_utt3.wav,worth
621,anger,dia466_utt15.wav,ot tha the scort
622,anger,dia336_utt7.wav,know he je as m o is
623,anger,dia707_utt14.wav,e he
624,anger,dia1025_utt15.wav,oh jane he
625,anger,dia548_utt10.wav,walts ar pretty thing now r
626,anger,dia728_utt2.wav,e in worse and worse
627,anger,dia254_utt4.wav,
628,anger,dia853_utt1.wav,lirns
629,anger,dia615_utt5.wav,iin his suffered day
630,anger,dia380_utt1.wav,o
631,anger,dia99_utt11.wav,that he nead on
632,anger,dia932_utt10.wav,so wat so i want she just
633,anger,dia693_utt3.wav,i called ilar an sel head i morigus tiltl hea southeryyr grandfather's apartment
634,anger,dia147_utt11.wav,oqat o haner wor is want it my smug
635,anger,dia498_utt6.wav,
636,anger,dia109_utt20.wav,erisi
637,anger,dia931_utt1.wav,i can't protly ebut what i do yo'll be gon a chance for murder
638,anger,dia423_utt7.wav,crr r e
639,anger,dia735_utt14.wav,nower not
640,anger,dia206_utt13.wav,o no her is or her bycan i her here in e here and te a ow
641,anger,dia716_utt5.wav,oo allre
642,anger,dia498_utt7.wav,an
643,anger,dia84_utt1.wav,othat te cannot fal by
644,anger,dia676_utt10.wav,a lin inros how can i a an telyerian i
645,anger,dia571_utt15.wav,t me ma e way o way
646,anger,dia885_utt3.wav,e co aae ten ry rat larger
647,anger,dia994_utt3.wav,no i ink ass i know you any more
648,anger,dia167_utt6.wav,an ha ong down
649,anger,dia466_utt12.wav,yes a o look there no hin no hia
650,anger,dia407_utt0.wav,is that in hon i
651,anger,dia671_utt15.wav,the  no hadlite it it it became touch the aven
652,anger,dia456_utt2.wav,o like that chanter ly o thing to dai lovar a
653,anger,dia907_utt3.wav,sha e y aa
654,anger,dia841_utt7.wav,setlesa ma i try to feston you ineraton is loo veyry
655,anger,dia943_utt1.wav,hesalae a
656,anger,dia661_utt0.wav,i pig wa just pig war her daw dawn
657,anger,dia448_utt10.wav,nohersa laico is ier
658,anger,dia1007_utt3.wav,and lend an easis linets and soldiers and thousand bots in
659,anger,dia300_utt9.wav,shal eri speakofi ho who
660,anger,dia154_utt7.wav,eeas it so rise
661,anger,dia785_utt1.wav,w
662,anger,dia207_utt17.wav,but he saysn't ye saying me that very ay an pan with tix oversy totern oe oe  ti dismilbi ondrean now comsi c
663,anger,dia745_utt9.wav,here he is essy
664,anger,dia939_utt0.wav,e
665,anger,dia139_utt2.wav,i sure her
666,anger,dia1005_utt16.wav,here an instenty sai sir sa  how i sa o e avetry aky efort
667,anger,dia1022_utt12.wav,i ma you iher asane
668,anger,dia854_utt3.wav,i i do not jump whight shok ne mreon still together    wut wes look wis she nid at
669,anger,dia254_utt2.wav,yes i e i yen
670,anger,dia794_utt0.wav,iaa hle
671,anger,dia64_utt0.wav,si  te idea why i say i do hes aking girl i gorg to
672,anger,dia405_utt2.wav,or so you wait o ge
673,anger,dia828_utt4.wav,orsoye me ase  ate maly or sae els e sa
674,anger,dia571_utt2.wav,i dead wore maan hers in a ia six
675,anger,dia570_utt0.wav,a e you i ye lie io
676,anger,dia123_utt1.wav,ol is about foras physically impossi
677,anger,dia473_utt2.wav,know o
678,anger,dia304_utt8.wav,ma ma is you ma
679,anger,dia156_utt1.wav,thou i thought ot i as name is  shall yo
680,anger,dia206_utt4.wav,
681,anger,dia39_utt5.wav,look meen it's nothing
682,anger,dia448_utt6.wav,as isisia
683,anger,dia10_utt0.wav,sel way now
684,anger,dia51_utt4.wav,fowat runan throw  on your office
685,anger,dia295_utt6.wav,aso i det he may e ee
686,anger,dia795_utt6.wav,wen ar atis
687,anger,dia206_utt18.wav,
688,anger,dia259_utt3.wav,
689,anger,dia679_utt14.wav,asr e metoo
690,anger,dia996_utt3.wav,if he fader realizes ow mus o fern send on hist way
691,anger,dia200_utt4.wav,can't believe it i die son o a mad hi now he
692,anger,dia868_utt0.wav,heat his no
693,anger,dia1016_utt3.wav,no i don't foundy ther  i i eis now as prasulissn
694,anger,dia956_utt4.wav,o erathis eshal waly
695,anger,dia68_utt0.wav,da an hire the girl on ev i ri
696,anger,dia234_utt11.wav,yoi an o liking i a
697,anger,dia255_utt11.wav,i just a te her is so kind
698,anger,dia145_utt8.wav,why i am o tats o the hay as we are
699,anger,dia39_utt3.wav,because i shows ol cat figure ou
700,anger,dia342_utt10.wav,i tak me a oouse  hid of chare
701,anger,dia936_utt16.wav,so i aius tenes and his hanr hismine
702,anger,dia590_utt11.wav,a oni he sat there can i do the right whens trasy pug e af haut
703,anger,dia456_utt11.wav,it was so right ah
704,anger,dia861_utt8.wav,a er my
705,anger,dia295_utt10.wav,at they na nee sorterly gifferen
706,anger,dia262_utt4.wav,
707,anger,dia271_utt9.wav,you sa a arm the locka is all right now  pray lat
708,anger,dia530_utt11.wav,otherwise dear tis me
709,anger,dia740_utt2.wav,wut all myself is safe and try at all hersolf it is in rogi nusta
710,anger,dia1016_utt2.wav,my my isgreeablein  boy yoare tiisa  lattlo flax
711,anger,dia876_utt1.wav,joy i  you
712,anger,dia632_utt4.wav,ain juc im of teaan
713,anger,dia1018_utt8.wav,o jan
714,anger,dia835_utt7.wav,i shown i'll show you i
715,anger,dia930_utt13.wav,will john fla lad ans
716,anger,dia30_utt4.wav,saroch orgagran he
717,anger,dia699_utt13.wav,jus taking you ot so
718,anger,dia613_utt10.wav,my o i a hand ou my tat wis i wider
719,anger,dia535_utt2.wav,then he askedhe something i'll come the net cord o confut is ucort mine iad awaited hour and hand
720,anger,dia1018_utt10.wav,thank you
721,anger,dia546_utt12.wav,
722,anger,dia455_utt8.wav,not is so graty bout you  a any money you like me  she's hoe ting so later  tat i
723,anger,dia1011_utt5.wav,at i half spin
724,anger,dia759_utt4.wav,looki  he says smorrily
725,anger,dia832_utt14.wav,i i should be gracious or of gizzy  in et sall grekill while i
726,anger,dia596_utt20.wav,judge who was in a all an aaad o arts the hush for wa wakin
727,anger,dia358_utt9.wav,becise every time i go the nest sundendy e
728,anger,dia832_utt0.wav,i you i
729,anger,dia451_utt7.wav,why
730,anger,dia64_utt9.wav,missus credy
731,anger,dia228_utt0.wav,no i i self to you anno andt ante athe ages
732,anger,dia110_utt3.wav,latin erits
733,anger,dia755_utt8.wav,in ta isin a
734,anger,dia849_utt10.wav,all i know you do
735,anger,dia279_utt2.wav,they wuded in cheesek at the
736,anger,dia770_utt5.wav,a newspape sud was has it perfect natural wegin together with you
737,anger,dia275_utt0.wav,s
738,anger,dia481_utt12.wav,micial ancy had impettedet on he
739,anger,dia428_utt4.wav,e arres tays i charch by note
740,anger,dia714_utt2.wav,now the hole  yes it is on the chorge wet he s
741,anger,dia558_utt6.wav,osall is ni a loking for life couc all in i spoy
742,anger,dia700_utt5.wav,
743,anger,dia1005_utt14.wav,it make sound very hu
744,anger,dia512_utt11.wav,i giv
745,anger,dia951_utt0.wav,to sayou lok but you never did
746,anger,dia10_utt2.wav,eeee gey hair
747,anger,dia835_utt2.wav,i si may relie
748,anger,dia456_utt7.wav,n as you go to me an hour sorry
749,anger,dia739_utt12.wav,
750,anger,dia699_utt8.wav,an i i for
751,anger,dia483_utt8.wav,solicen wen across street soc the doorway i guessed the beagers am is
752,anger,dia445_utt13.wav,
753,anger,dia839_utt0.wav,soso youre nany for nes now i not
754,anger,dia553_utt20.wav,werly hesi i shall
755,anger,dia297_utt2.wav,tat i say it hor
756,anger,dia844_utt13.wav,o vey magin ati
757,anger,dia973_utt5.wav,no sarige janes the down the lans agawn
758,anger,dia1025_utt10.wav,ne ani in fac
759,anger,dia388_utt14.wav,sar gee mates he e a holyre as he wor
760,anger,dia573_utt8.wav,tot of the eare of the ea
761,anger,dia509_utt10.wav,i had to say i ho hearing your tong
762,anger,dia275_utt1.wav,wa see t base batche the bears egera on the aa o
763,anger,dia950_utt5.wav,look at ma
764,anger,dia768_utt3.wav,a min giieiria cssa  me eea i
765,anger,dia126_utt5.wav,i cill yo hes a small
766,anger,dia557_utt7.wav,gianoridish enanee eo
767,anger,dia1017_utt4.wav,ah du er so nay tey smi samete tay something with myltes a log
768,anger,dia15_utt6.wav,i hope i was here
769,anger,dia1018_utt15.wav,
770,anger,dia126_utt1.wav,dear hdigos its sarrye
771,anger,dia423_utt6.wav,rayes sound and all a high
772,anger,dia328_utt2.wav,excuration
773,anger,dia1018_utt6.wav,riche
774,anger,dia530_utt9.wav,right
775,anger,dia789_utt7.wav,
776,anger,dia300_utt10.wav,a the sholder di a be not ome here oly father i at one
777,anger,dia99_utt17.wav,hammer
778,anger,dia295_utt19.wav,by
779,anger,dia853_utt14.wav,wo he wast
780,anger,dia595_utt2.wav,ye
781,anger,dia260_utt11.wav,why na he ok here on ago
782,anger,dia236_utt13.wav,pita
783,anger,dia817_utt12.wav,she feels carlong june last a nigt now intead of fire
784,anger,dia1000_utt2.wav,shai ismara solli's good name
785,anger,dia97_utt3.wav,o sak o ways
786,anger,dia633_utt9.wav,very
787,anger,dia913_utt2.wav,i the boll further way rals in a hasho
788,anger,dia828_utt3.wav,ita i wa a o
789,anger,dia241_utt0.wav,my sister is to mie pi esit me there
790,anger,dia1035_utt0.wav,i mait it a done
791,anger,dia615_utt14.wav,an reade wuttered a err
792,anger,dia1005_utt11.wav,eybi yo now it te as i shall have yon hel go ittle horse all reesin durin there on ati sis
793,anger,dia758_utt0.wav,ooan
794,anger,dia530_utt8.wav,an the highest hers now i can by
795,anger,dia298_utt1.wav,ow
796,anger,dia953_utt12.wav,al ni
797,anger,dia148_utt4.wav,cear breakfast  ed your eds without vacul
798,anger,dia430_utt0.wav,o yas so i don't had all whole work out pyetgu o don't say anything for acian please te jus aio suspense
799,anger,dia459_utt3.wav,
800,anger,dia835_utt5.wav,ill you tell a o s josie
801,anger,dia1026_utt11.wav,o e it  i hated and
802,anger,dia804_utt5.wav,sca ner cortenout es youre a little princes
803,anger,dia295_utt21.wav,woistin the lar co of harms around the halway
804,anger,dia317_utt3.wav,these can may i ti dat ar sraer they ca
805,anger,dia717_utt6.wav,fa
806,anger,dia932_utt7.wav,did i ias sor hin stupid
807,anger,dia526_utt16.wav,fortees
808,anger,dia397_utt0.wav,y said te ja
809,anger,dia195_utt14.wav,yet well isay he thad a glad at lise his lamented
810,anger,dia1018_utt11.wav,a
811,anger,dia996_utt7.wav,ishance se ilt do that would you must se wil itoer
812,anger,dia828_utt0.wav,wo w
813,anger,dia572_utt12.wav,is you mind he that er her
814,anger,dia761_utt2.wav,
815,anger,dia770_utt12.wav,waiiomeehasyr s
816,anger,dia841_utt8.wav,the iragion is not very rigial
817,anger,dia356_utt10.wav,sancho i need at ouct and ser bi and chest fell an a socket
818,anger,dia935_utt8.wav,i  sorry lyma
819,anger,dia328_utt1.wav,playing  sing omer haso a a
820,anger,dia670_utt1.wav,
821,anger,dia1026_utt15.wav,wat is not furxery now
822,anger,dia555_utt3.wav,
823,anger,dia189_utt8.wav,o sou win tays yer there
824,anger,dia332_utt7.wav,i e a solful chainmn a a
825,anger,dia1012_utt10.wav,
826,anger,dia210_utt0.wav,i foul opes
827,anger,dia430_utt3.wav,rays
828,anger,dia955_utt5.wav,said lallad in his own
829,anger,dia374_utt9.wav,yet angereo
830,anger,dia634_utt0.wav,a lady som day emotions ot now an he held lass a drank in e e le hat go
831,anger,dia545_utt11.wav,he held whis et hadit o mas neck
832,anger,dia854_utt2.wav,he ta et much on an e e tumperli eerin
833,anger,dia676_utt12.wav,soing
834,anger,dia766_utt2.wav,
835,anger,dia479_utt4.wav,a honsy hadan hast slave head by new away
836,anger,dia612_utt6.wav,you are saying looking
837,anger,dia91_utt0.wav,oh this one wat so beautiful oh
838,anger,dia512_utt10.wav,
839,anger,dia466_utt11.wav,why im over your blue iry lits enough  her lag my bo pat
840,anger,dia770_utt7.wav,wort isolf agan it this is regular statial gogrin
841,anger,dia210_utt3.wav,we went through marunes of robery
842,anger,dia184_utt17.wav,that's what e won say sord why he did ra
843,anger,dia6_utt10.wav,s  har amo
844,anger,dia206_utt1.wav,suddin jony killd wre my so same is janie ac janyou
845,anger,dia300_utt3.wav,how glory it is sai
846,anger,dia866_utt9.wav,litly had rush
847,anger,dia329_utt9.wav,at is a
848,anger,dia737_utt5.wav,
849,anger,dia853_utt8.wav,i knowe
850,anger,dia512_utt12.wav,no say say the i tol this ane
851,anger,dia38_utt6.wav,oy took the te ehold f their loy and they they they insurge me wit some dery oyan mana shoulda tay a know they com
852,anger,dia466_utt13.wav,an meo
853,anger,dia448_utt4.wav,yarni wer ees
854,anger,dia902_utt0.wav,sony ik lodgin manny  a long
855,anger,dia716_utt3.wav,la
856,anger,dia184_utt10.wav,sto pi chairat
857,anger,dia722_utt10.wav,tye esa ot not
858,anger,dia524_utt11.wav,eso te omers an ack atis so hasis
859,anger,dia596_utt19.wav,dot call us thats
860,anger,dia275_utt4.wav,coracious ears sof the lick enryhor or sem a
861,anger,dia317_utt12.wav,on his etmis role
862,anger,dia1016_utt16.wav,i not e
863,anger,dia794_utt10.wav,isti iir i in boff to wy he never go nt runding wy neck
864,anger,dia527_utt0.wav,a hi look her  yes
865,anger,dia129_utt5.wav,ye i esks ao ou te jhanto
866,anger,dia210_utt4.wav,why ow get your pal and or back
867,anger,dia63_utt5.wav,hever that unred things ostane walshats so
868,anger,dia744_utt9.wav,liiswas ei
869,anger,dia256_utt14.wav,
870,anger,dia95_utt8.wav,heri iorus in won
871,anger,dia686_utt3.wav,a sounder ani ot te
872,anger,dia6_utt19.wav,ow say
873,anger,dia523_utt6.wav,ah how great hap he knows on i ow
874,anger,dia173_utt8.wav,
875,anger,dia40_utt0.wav,ter will be he sake so tha azess
876,anger,dia356_utt21.wav,
877,anger,dia138_utt3.wav,o make ye the
878,anger,dia831_utt3.wav,
879,anger,dia163_utt1.wav,isomehow enjoiner
880,anger,dia206_utt7.wav,o said o ay in he grat sil
881,anger,dia274_utt6.wav,o the worst ass ay n ever
882,anger,dia295_utt20.wav,a
883,anger,dia67_utt15.wav,sou dimea time aseek my marys ray hhate letter that you really did isus blua
884,anger,dia295_utt18.wav,e
885,anger,dia509_utt11.wav,and missus notsailin as slill in the city and he had no brile swo
886,anger,dia945_utt6.wav,i hat is a esy here
887,anger,dia398_utt2.wav,idido toi i a e hofty ha so  oy e rely air wor
888,anger,dia953_utt6.wav,i qi i yeri recued the stage
889,anger,dia508_utt0.wav,gross and har
890,anger,dia219_utt12.wav,a hol youo he  not on y se sir
891,anger,dia241_utt5.wav,he shall way  that mi
892,anger,dia118_utt4.wav,es real naa na
893,anger,dia996_utt18.wav,
894,anger,dia651_utt10.wav,e ye
895,anger,dia123_utt8.wav,is ajicerta epl on your page say
896,anger,dia531_utt14.wav,sye i a is as o ic
897,anger,dia745_utt7.wav,i y pie know why din sor tha theol dish i did not anse
898,anger,dia561_utt5.wav,wow oni thing halo i canhow i
899,anger,dia517_utt0.wav,i more
900,anger,dia1016_utt1.wav,my is preable an more
901,anger,dia771_utt14.wav,and won ars beside te gob was in a vusure but can i wot i die an unsuccessful regular size ma
902,anger,dia660_utt4.wav,and said hersanslu slicic chicken she jump around or
903,anger,dia29_utt11.wav,it is hardly growing he weads you wanted it er hefor i indeed o like at hone ayet an as manba sma
904,anger,dia615_utt22.wav,a a  a hair nos hat  glance a at a a
905,anger,dia907_utt4.wav,i will so i am i as sara
906,anger,dia907_utt7.wav,frigh ar tel that day lag ofer
907,anger,dia10_utt3.wav,as plan yer neat
908,anger,dia210_utt5.wav,be just misten we werlos the jukiis
909,anger,dia512_utt14.wav,he ain dicper ta
910,anger,dia670_utt7.wav,i my great e dear lucy john is is i you
911,anger,dia780_utt2.wav,
912,anger,dia1022_utt8.wav,you a line
913,anger,dia81_utt15.wav,ly  a gelly
914,anger,dia328_utt0.wav,main is
915,anger,dia955_utt3.wav,i sagnot
916,anger,dia366_utt2.wav,lik  me me a
917,anger,dia412_utt0.wav,yet yos
918,anger,dia206_utt12.wav,
919,anger,dia29_utt6.wav,anawy had chotted out this
920,anger,dia875_utt6.wav,srgardn herode henry pay for and ocean to
921,anger,dia589_utt7.wav,i on le suld hat te care about me
922,anger,dia596_utt10.wav,o yon cappy meme an wemery jame i is a aer sa was salaing
923,anger,dia418_utt10.wav,pantoing that amay som mo imver
924,anger,dia720_utt2.wav,
925,anger,dia241_utt3.wav,
926,anger,dia482_utt9.wav,the trees now i havin ha adit o my larch
927,anger,dia317_utt13.wav,we may make grand i sad you sho i
928,anger,dia145_utt12.wav,pritcelya
929,anger,dia812_utt5.wav,ra
930,anger,dia572_utt8.wav,je where i sick best
931,anger,dia530_utt6.wav,the pig ry now it is my go
932,anger,dia295_utt8.wav,ret i such a teible you
933,anger,dia1012_utt5.wav,
934,anger,dia459_utt11.wav,a small pop of air ax i ne
935,anger,dia483_utt9.wav,s
936,anger,dia613_utt9.wav,a inla a and aa so gay cradier as he him my tuneon
937,anger,dia969_utt0.wav,is always moth of or se
938,anger,dia1035_utt5.wav,aat an to i will you be or this wan
939,anger,dia907_utt5.wav,a war indee great cuk
940,anger,dia145_utt6.wav,is o hal wie ut and see round your holy yoas you
941,anger,dia807_utt1.wav,ree
942,anger,dia932_utt6.wav,frher your she amirer
943,anger,dia405_utt3.wav,here
944,anger,dia410_utt2.wav,iskiss me gays an china day here
945,anger,dia6_utt9.wav,if ou say
946,anger,dia670_utt9.wav,askd the pursin he adellry and gay the ills do they ha
947,anger,dia770_utt1.wav,he childish an eis wy
948,anger,dia69_utt6.wav,thank you i ar
949,anger,dia189_utt13.wav,the par of the aser you questions o e annamey have you never i wan
950,anger,dia595_utt5.wav,us u walk her the cohar er a
951,anger,dia963_utt8.wav,snimen wi freely
952,anger,dia1023_utt6.wav,said i
953,anger,dia483_utt1.wav,at gert ma
954,anger,dia10_utt4.wav,u spins god nes no a ari ansy no
955,anger,dia331_utt0.wav,be alarm
956,anger,dia770_utt11.wav,y needo i wife wo sheen as own and wan vialaly detended trou
957,anger,dia936_utt20.wav,it's over hanya now an it's not all rigt i someon says i do
958,anger,dia634_utt2.wav,words but i know i was i saw in i sa ly only ona abation
959,anger,dia206_utt14.wav,e here naow
960,anger,dia1036_utt15.wav,o gra sha
961,anger,dia184_utt16.wav,we navte tell you theat a so purto you sa
962,anger,dia963_utt4.wav,she a a e
963,anger,dia727_utt6.wav,are you te te her stinping a
964,anger,dia70_utt5.wav,o ter go takte ee
965,anger,dia766_utt5.wav,
966,anger,dia312_utt1.wav,isas di  easy for me see you with sometin else
967,anger,dia887_utt5.wav,a i re lered them my friends in y i ey i was sarry for el em
968,anger,dia794_utt4.wav,s frin tasow
969,anger,dia875_utt8.wav,you see me um i tell you here is i
970,anger,dia755_utt2.wav,now that was an accident we e
971,anger,dia977_utt4.wav,i
972,anger,dia770_utt9.wav,was i my gane my own room serche fun
973,anger,dia475_utt0.wav,shant be srayin tay
974,anger,dia30_utt6.wav,i e she d grown fon yeur own age
975,anger,dia923_utt9.wav,s so to he could see in
976,anger,dia869_utt13.wav,e er
977,anger,dia1026_utt13.wav,i didn't misundersaying the patiens all over me he touched my beesaid required at la
978,anger,dia831_utt1.wav,is time li lik a ia i asually grave
979,anger,dia626_utt4.wav,sno not ti ma ta the shirkan ee shiva tou gi marios work
980,anger,dia483_utt6.wav,i turned it off mother i sure it
981,anger,dia507_utt4.wav,r
982,anger,dia617_utt7.wav,el an i saw my laye hair  mi rilway
983,anger,dia637_utt8.wav,what sa
984,anger,dia6_utt21.wav,or osa hangas
985,anger,dia704_utt4.wav,si i
986,anger,dia745_utt11.wav,is enhersay ousou oo fay
987,anger,dia407_utt6.wav,ol no iisha
988,anger,dia747_utt12.wav,what what wt is it  laaeve sexy professorlai
989,anger,dia836_utt10.wav,tat's for savin o misery it wy as olos
990,anger,dia430_utt8.wav,
991,anger,dia383_utt3.wav,so an casin war war
992,anger,dia202_utt16.wav,bay alis e
993,anger,dia893_utt9.wav,awle smith abl sit of hon ist breasts
994,anger,dia74_utt5.wav,dasit is as dise
995,anger,dia6_utt20.wav,ome
996,anger,dia644_utt7.wav,belited fects it was darg and he was a very dirty
997,anger,dia996_utt9.wav,esury
998,anger,dia277_utt3.wav,so sopi i sets himself in an inry that really shuldne
999,anger,dia123_utt3.wav,ma the mayof screcies or at that assituable
1000,anger,dia231_utt9.wav,an ra i told you i you
1001,anger,dia109_utt15.wav,no
1002,anger,dia145_utt2.wav,and hom
1003,anger,dia486_utt13.wav,i an geveral o
1004,anger,dia695_utt5.wav,wy h wa f
1005,anger,dia884_utt13.wav,joy cat is glarin not fefiliar mojones
1006,anger,dia901_utt9.wav,wo o goiner and you no wini anything elf
1007,anger,dia698_utt0.wav,i what wi did
1008,anger,dia867_utt3.wav,en wher the little chich
1009,anger,dia761_utt8.wav,y
1010,anger,dia572_utt7.wav,now
1011,anger,dia463_utt1.wav,te wer let er te overdruss yen
1012,anger,dia530_utt5.wav,i shald if isule fom your rige
1013,anger,dia905_utt2.wav,hai we hier is osso
1014,anger,dia528_utt5.wav,ye a missing ich is nacking arry for a little ness now i'm just missing y i'm fraight
1015,anger,dia615_utt3.wav,te
1016,anger,dia696_utt7.wav,wi she's cal sen sesery work ines a she shas smines me i said yon ansin mor there and waging an i  n
1017,anger,dia996_utt11.wav,deyare sorris o by hearrs who kin now
1018,anger,dia632_utt3.wav,pra
1019,anger,dia49_utt21.wav,w whatever
1020,anger,dia173_utt3.wav,o wont you ri at my brod sread and i now y rods a howrs ye det make by te now
1021,anger,dia466_utt9.wav,and chuesday a that's thas my pocket
1022,anger,dia530_utt7.wav,an i you say your standing my ar dancing in
1023,anger,dia264_utt7.wav,mumake her byo those outs
1024,anger,dia947_utt4.wav,i edet bogy head
1025,anger,dia932_utt8.wav,an wore
1026,anger,dia770_utt14.wav,so soon is any a arnatic fatioen eari  as the nam in you
1027,anger,dia175_utt5.wav,itin he is sorry
1028,anger,dia448_utt5.wav,rate a si ic i know ii wa itery in theer
1029,anger,dia482_utt7.wav,i ye  e he er  my e e fla and i shat tis is sal ar ha
1030,anger,dia895_utt8.wav,
1031,anger,dia182_utt4.wav,isins
1032,anger,dia94_utt6.wav,wayin else want e ait
1033,anger,dia803_utt6.wav,that is nothing
1034,anger,dia316_utt5.wav,sim o
1035,anger,dia654_utt3.wav,i rememer gres
1036,anger,dia200_utt6.wav,ino on hail on is on teuss about being angry weggin meels off te him at all
1037,anger,dia572_utt6.wav,i the
1038,anger,dia761_utt5.wav,
1039,anger,dia395_utt6.wav,i ont doig in
1040,anger,dia295_utt11.wav,that in momi ofein at  special de sinis tone
1041,anger,dia946_utt7.wav,aooio
1042,anger,dia188_utt5.wav,you not always hadbot very oa
1043,anger,dia583_utt1.wav,ou seemst mak li happy lorage  admie ais good as courage
1044,anger,dia163_utt9.wav,ma ma ye x ma his armis roing
1045,anger,dia15_utt0.wav,missus mawa cancy  yo how
1046,anger,dia634_utt3.wav,a la thing by hara on
1047,anger,dia256_utt13.wav,e e
1048,anger,dia592_utt9.wav,yea misua crazing
1049,anger,dia272_utt8.wav,never ever you ma you bay by nig
1050,anger,dia743_utt0.wav,miscount or head as in ales
1051,anger,dia145_utt13.wav,veri ahad you sir
1052,anger,dia693_utt4.wav,if resire help
1053,anger,dia700_utt4.wav,
1054,anger,dia876_utt0.wav,are you kinge  he joy jo jo jo jo j jo jo
1055,anger,dia32_utt12.wav,as it o is you moral obligations of priise of wotan iis than is to shue dise bi
1056,anger,dia661_utt7.wav,also treother birds wer egral hen sent tguess wy nite
1057,anger,dia17_utt0.wav,it as yet lin dai da lo an ash it anyway
1058,anger,dia648_utt1.wav,its  e o  sixy year heride
1059,anger,dia50_utt13.wav,e believe
1060,anger,dia596_utt21.wav,bi is fora saw
1061,anger,dia1017_utt7.wav,o sa e dor to call bout all ramo i say
1062,anger,dia168_utt11.wav,you all
1063,anger,dia794_utt8.wav,hores ansla how my a taste
1064,anger,dia960_utt6.wav,i glad i saws a foolish
1065,anger,dia332_utt12.wav,the how
1066,anger,dia1035_utt2.wav,i care only de not bigking
1067,anger,dia869_utt3.wav,he said if idy on her by way he be heding her copia
1068,anger,dia615_utt10.wav,rosh and over pat hevey single
1069,anger,dia650_utt0.wav,rme my cher ass i mal
1070,anger,dia173_utt6.wav,nand its a tan yo or  as me was three as wor thet iyo a at ta stek apan ice voice
1071,anger,dia354_utt14.wav,ser i know
1072,anger,dia918_utt7.wav,ia
1073,anger,dia637_utt3.wav,e was she
1074,anger,dia679_utt15.wav,sa tey a not er stand or in lorrit is morning
1075,anger,dia15_utt17.wav,am
1076,anger,dia15_utt16.wav,t jone
1077,anger,dia1017_utt8.wav,oairena and for urinformation mats are not hearios
1078,anger,dia770_utt13.wav,te nasy ill of the death
1079,anger,dia367_utt0.wav,you i
1080,anger,dia315_utt4.wav,jus sa is li her hi
1081,anger,dia794_utt1.wav,or farther
1082,anger,dia182_utt8.wav,har
1083,anger,dia508_utt20.wav,
1084,anger,dia809_utt10.wav,
1085,anger,dia543_utt0.wav,
1086,anger,dia607_utt2.wav,i can't wedise you cant sir in ort disaming a heart disease
1087,anger,dia918_utt5.wav,this hans an hold me tat my fire like
1088,anger,dia248_utt1.wav,
1089,anger,dia716_utt2.wav,fy
1090,anger,dia298_utt5.wav,ee
1091,anger,dia1019_utt10.wav,at yo tis i i saw she ow havyo ma i condancle mally
1092,anger,dia1018_utt4.wav,i don't care alout you there tear at mona she was there and she's olly qrec
1093,anger,dia760_utt4.wav,esha fo christma is you
1094,anger,dia404_utt7.wav,uxry abao caler
1095,anger,dia621_utt3.wav,ver hapin their basy
1096,anger,dia912_utt3.wav,blat is yo jonin ciy
1097,anger,dia148_utt2.wav,ru there's a ruel angin you only a tan
1098,anger,dia672_utt12.wav,ut yon as asent a an ou he yo
1099,anger,dia374_utt13.wav,egrew sady
1100,anger,dia903_utt2.wav,
1101,anger,dia81_utt14.wav,i  ow my checkna an he aetes in
1102,anger,dia153_utt11.wav,your fey ewel
1103,anger,dia495_utt2.wav,you are waging beon logina
1104,anger,dia897_utt0.wav,this relasit however and y thanks a he
1105,anger,dia351_utt0.wav,so ic nan i solt yellow por her i ra o frigtenin you ar a o fri
1106,anger,dia228_utt7.wav,fary
1107,anger,dia1013_utt1.wav,esi  me oa i ta sayit
1108,anger,dia892_utt10.wav,ta i a eergives well i mad my reenge
1109,sad,dia957_utt0.wav,it's over
1110,sad,dia983_utt4.wav,my gorin a i on wa sor
1111,sad,dia916_utt13.wav,as i so im so ar
1112,sad,dia152_utt10.wav,i'm so sorry
1113,sad,dia477_utt6.wav,to ee
1114,sad,dia593_utt8.wav,or y smot
1115,sad,dia149_utt0.wav,oh do by i ante down oh i am the siz pointed
1116,sad,dia871_utt1.wav,opachance fomiis vysigatn is very lovable
1117,sad,dia792_utt17.wav,pucka said e magino she
1118,sad,dia921_utt9.wav,is ye best she lone i sliter ye said he aha
1119,sad,dia954_utt4.wav,tat e so he acted ot fas i have soken in is  a's rejection no surly
1120,sad,dia156_utt0.wav,but ill i had a sa  o i o o i as me is in shall you
1121,sad,dia853_utt2.wav,look o i'm really sorry i let o i
1122,sad,dia255_utt9.wav,sir yo
1123,sad,dia446_utt17.wav,he hidded to alas on e som towmeis hess crase ow he hasily crisa zict lie
1124,sad,dia1007_utt1.wav,i was
1125,sad,dia150_utt3.wav,thos isuall very pliting
1126,sad,dia474_utt7.wav,wantet a fre a pace at fry thin writ shower and lio heay
1127,sad,dia538_utt1.wav,ber what surry wore
1128,sad,dia49_utt12.wav,i couldn't do it
1129,sad,dia1010_utt5.wav,may alwa cat ta place like the law
1130,sad,dia593_utt7.wav,an is my haw
1131,sad,dia892_utt16.wav,isapage you realli to live in you lo world us
1132,sad,dia185_utt5.wav,me wocky by sand sheis sore aswas nari know i tol taws just lik wel my grandet hen haven
1133,sad,dia320_utt6.wav,se give me
1134,sad,dia94_utt7.wav,how would you
1135,sad,dia400_utt8.wav,ah i slanted never pure ats hery
1136,sad,dia126_utt9.wav,ascacire
1137,sad,dia302_utt1.wav,itsa rin o
1138,sad,dia856_utt2.wav,sasainye
1139,sad,dia287_utt1.wav,o a wusin gad to ma
1140,sad,dia146_utt9.wav,i can't
1141,sad,dia160_utt8.wav,we swaty ter wo fir every er copares two meeks what is it is as shey said my folthe accors
1142,sad,dia949_utt0.wav,suborn slipegravily the hesilated
1143,sad,dia355_utt0.wav,s
1144,sad,dia953_utt11.wav,sar
1145,sad,dia524_utt2.wav,i had nat ala alhe said and then i realize tidy as some des messel
1146,sad,dia874_utt4.wav,a sunday a ban
1147,sad,dia918_utt8.wav,ell yo wo
1148,sad,dia66_utt11.wav,a n isca
1149,sad,dia152_utt9.wav,very i' sorry
1150,sad,dia848_utt4.wav,wo a anoyoyeea
1151,sad,dia990_utt6.wav,i e shame the rigle comes mo i'll give yo san a ang  dusiness yel
1152,sad,dia293_utt10.wav,e that's why i say he  him in sin
1153,sad,dia585_utt1.wav,la
1154,sad,dia767_utt3.wav,i sirtis all the time we had
1155,sad,dia754_utt0.wav,so y swayeig years wy mon ant i iste tim lastly ever sit years now in inty six before i nw
1156,sad,dia356_utt0.wav,he  a dea li why whid for or
1157,sad,dia358_utt3.wav,now now i to
1158,sad,dia398_utt8.wav,i he's a cave
1159,sad,dia249_utt6.wav,by by  inn as jesae is han ot te bro
1160,sad,dia109_utt8.wav,aoyssor is crosso cante
1161,sad,dia54_utt14.wav,yo see parthan say you cana me
1162,sad,dia564_utt9.wav,to mis es me i now to make one dow
1163,sad,dia184_utt6.wav,radins ro sha an a sat on on a cherydi
1164,sad,dia446_utt15.wav,se la
1165,sad,dia532_utt8.wav,sand yto tell me
1166,sad,dia973_utt13.wav,sa o any sign
1167,sad,dia291_utt0.wav,i it you like i i
1168,sad,dia921_utt8.wav,i i says yo it
1169,sad,dia310_utt3.wav,ye ai ta yourself on the shiny room anhasit out isren i  e you fer snang
1170,sad,dia977_utt0.wav,a now
1171,sad,dia87_utt2.wav,soars ye
1172,sad,dia750_utt4.wav,hary clashogging
1173,sad,dia996_utt20.wav,e tol it sou heavy ryde
1174,sad,dia356_utt6.wav,arbly women
1175,sad,dia182_utt2.wav,e sorry
1176,sad,dia6_utt14.wav,don
1177,sad,dia204_utt13.wav,and ii take thee a said flowers said   i on ti or tutink  little chucke fie on the beece now gi not san tends in a te mondo
1178,sad,dia901_utt14.wav,ate laxki shob in thati sajas kissing my sasmon
1179,sad,dia175_utt7.wav,
1180,sad,dia359_utt3.wav,statoff i thought terrible a o y actis when he said these on things
1181,sad,dia874_utt11.wav,ee ot ee
1182,sad,dia310_utt6.wav,evy rans on no espet me a casno shout angels he was set down
1183,sad,dia15_utt9.wav,yes
1184,sad,dia632_utt17.wav,now i o si yo ber der wi tellin
1185,sad,dia129_utt1.wav,ar that u agay ye unce gil councing s
1186,sad,dia463_utt3.wav,i guess hin so a
1187,sad,dia992_utt10.wav,as e i ma tes
1188,sad,dia362_utt5.wav,spokeris of the praeyyyos pait al har harter  is you shy rage most min
1189,sad,dia301_utt16.wav,an i lok vry at e gilleaa you enria
1190,sad,dia1001_utt4.wav,it's i use o harv sword
1191,sad,dia953_utt7.wav,i grea chia a i sicatcher an a in yeas san drean catchy sider ing yea friendly coss of  wise tanty animal
1192,sad,dia949_utt6.wav,esaan sper recat o owi ower
1193,sad,dia667_utt2.wav,ratany owls
1194,sad,dia15_utt3.wav,well i ever ha
1195,sad,dia893_utt2.wav,merr ii ie
1196,sad,dia219_utt8.wav,and now aa tha o shu yo re
1197,sad,dia385_utt2.wav,ow at
1198,sad,dia816_utt2.wav,ii is ang i'm so sorry orber
1199,sad,dia964_utt15.wav,
1200,sad,dia410_utt10.wav,ho
1201,sad,dia872_utt0.wav,i shal bain te reli yerea or carrs ome canew not plain
1202,sad,dia568_utt4.wav,if a i i car er and somy
1203,sad,dia531_utt11.wav,obviously i stood up
1204,sad,dia533_utt2.wav,a sir yale ace
1205,sad,dia449_utt9.wav,en a mister hile d raslen
1206,sad,dia593_utt6.wav,is thit sacanpo yatere
1207,sad,dia654_utt4.wav,my ma at a o in fone day hes me me please
1208,sad,dia320_utt13.wav,all ngt fridight bi and go out me an ti cret jokes and ather ero seriousrela she shed an i guess im a hady wa i  got there
1209,sad,dia418_utt18.wav,well you must know and wiw
1210,sad,dia939_utt8.wav,i fak myself is the potin answerin te re
1211,sad,dia511_utt0.wav,i gard as i hento him
1212,sad,dia865_utt4.wav,suc a wor is scran
1213,sad,dia371_utt11.wav,might lat nit a yer in the on
1214,sad,dia474_utt9.wav,
1215,sad,dia360_utt1.wav,yat i know s my birthday we al so be here
1216,sad,dia431_utt17.wav,i servery little hels yournyrew
1217,sad,dia1036_utt8.wav,o
1218,sad,dia279_utt1.wav,mad ther beally a thing  how like whac he throu his own
1219,sad,dia614_utt19.wav,fi husband hangi aten   a i sa not ye
1220,sad,dia1024_utt15.wav,sorryso fo se
1221,sad,dia273_utt4.wav,teyr
1222,sad,dia292_utt4.wav,i tell myself
1223,sad,dia792_utt13.wav,so alas everything with yi
1224,sad,dia634_utt5.wav,wol her any vyor sisters sisaa atech in the south
1225,sad,dia26_utt11.wav,e insi we have were there is
1226,sad,dia256_utt0.wav,taseyes tell atae heta ti wirl
1227,sad,dia904_utt3.wav,ai sen greserey shots
1228,sad,dia1009_utt7.wav,now now now it not a big order be order af that way pruset expecse
1229,sad,dia455_utt11.wav,i an when you and at ross for certainly haw it was really hard for me an
1230,sad,dia574_utt19.wav,was se stupid she was going on tet that shine and take jo
1231,sad,dia964_utt8.wav,
1232,sad,dia989_utt2.wav,cregant herol asually hin foece
1233,sad,dia158_utt6.wav,i ar teou
1234,sad,dia372_utt3.wav,it ae at i fi
1235,sad,dia246_utt1.wav,all ay hery anri's sworry nit desined me anhackin
1236,sad,dia192_utt0.wav,well no they die
1237,sad,dia945_utt4.wav,i i
1238,sad,dia366_utt7.wav,ir isworst right in the history of the war
1239,sad,dia750_utt3.wav,amier
1240,sad,dia676_utt9.wav,at a yere n a nightmare thi says n and this is so horrd
1241,sad,dia632_utt11.wav,ade is  lory such a speak i e not so much
1242,sad,dia506_utt0.wav,dot be watin  professus hohe
1243,sad,dia1030_utt3.wav,sii y
1244,sad,dia818_utt6.wav,it wants a ay a an tasly mi
1245,sad,dia816_utt1.wav,o wori yori i iskin i'm so sorry
1246,sad,dia774_utt1.wav,nats ci loks fom her  and wi was lonning aon a nice an rer to mag
1247,sad,dia426_utt7.wav,sir ivew hahig ne
1248,sad,dia1007_utt2.wav,little girl ond you yautiful w re nigeteen your old sister who a ende youas six minutes an soldier two thousand potsin
1249,sad,dia921_utt7.wav,les  aole wit you et says i do sing er somone as making love to her a thought she was you at sue and i
1250,sad,dia1019_utt7.wav,is is jason realy
1251,sad,dia434_utt0.wav,sim sat wen all tentin
1252,sad,dia632_utt16.wav,let us see heer nasily
1253,sad,dia936_utt15.wav,bel
1254,sad,dia852_utt4.wav,it'nl join hut at sie i hot that i was sit john on you
1255,sad,dia54_utt8.wav,theres yoully mabe sister
1256,sad,dia474_utt8.wav,ri everything
1257,sad,dia15_utt5.wav,looks so difference ian i ders eh yet off her hor it is i know that was here
1258,sad,dia450_utt7.wav,o so why i we strick a hayway sied
1259,sad,dia806_utt8.wav,a he not the father and jobe knows i
1260,sad,dia323_utt0.wav,yo look out er i find o i pin in i only
1261,sad,dia555_utt0.wav,that ma
1262,sad,dia992_utt15.wav,
1263,sad,dia797_utt11.wav,leshow you
1264,sad,dia717_utt9.wav,sete et man
1265,sad,dia530_utt17.wav,
1266,sad,dia921_utt5.wav,rsi
1267,sad,dia216_utt0.wav,woy i gan ary ma extraordinary night a  grat hem noi ga ery masonry heave
1268,sad,dia404_utt4.wav,ah oh because i am ham rud pidville
1269,sad,dia506_utt8.wav,is do cheese everything
1270,sad,dia132_utt8.wav,i yna ane the la
1271,sad,dia425_utt2.wav,now itis something to bent here in the holo
1272,sad,dia441_utt1.wav,some sie a i alecer
1273,sad,dia797_utt13.wav,os i i in ni sai
1274,sad,dia959_utt1.wav,ea sit was say
1275,sad,dia996_utt6.wav,and the air eyes of deday any misscooe girls wore so to mi near mines
1276,sad,dia273_utt2.wav,so far
1277,sad,dia525_utt3.wav,look sa a i a
1278,sad,dia736_utt4.wav,says sas te geo
1279,sad,dia219_utt6.wav,e let an ter fimers as in
1280,sad,dia426_utt1.wav,and he i'm sorry for that fole things loger
1281,sad,dia337_utt15.wav,no sirmensomewhar
1282,sad,dia961_utt10.wav,really care tet stay every ti el as soi alow manga o sooon how
1283,sad,dia306_utt2.wav,sa racial aqo
1284,sad,dia219_utt10.wav,now free anyway
1285,sad,dia594_utt2.wav,
1286,sad,dia476_utt4.wav,i recha worsh it isn't if i
1287,sad,dia844_utt5.wav,i look around the sateter dawn middlei say ice i see the vision
1288,sad,dia848_utt8.wav,al
1289,sad,dia398_utt6.wav,and son tai o
1290,sad,dia175_utt9.wav,and this is elall in my perrens jost as ae tagain in a voice
1291,sad,dia434_utt2.wav,hesorry
1292,sad,dia716_utt1.wav,aughi shan't help you
1293,sad,dia213_utt4.wav,ne he
1294,sad,dia545_utt1.wav,a her sorry hors crid myladen and imagin anhe hand some eas anions
1295,sad,dia486_utt15.wav,i know say you'll be a ct monest in acent
1296,sad,dia379_utt7.wav,y ol feshmer
1297,sad,dia506_utt7.wav,god and i di nit te ditchin thither a te netea is ar li e di
1298,sad,dia1027_utt1.wav,i now i so inace man is
1299,sad,dia541_utt4.wav,tor sex life in is sma
1300,sad,dia119_utt6.wav,because it a possible find her parnish using my some hot girl barrlleer some
1301,sad,dia404_utt8.wav,i know thays mille sie says jennie vo dat  h
1302,sad,dia950_utt1.wav,i heard that  es so sorry
1303,sad,dia660_utt6.wav,thos shl bes of you e
1304,sad,dia804_utt4.wav,sray i i ont peny here o
1305,sad,dia841_utt9.wav,some people who knew about armain before me or you f rachel no e apparently some day and call star like magis
1306,sad,dia740_utt0.wav,she let is say head by aside and on purpose
1307,sad,dia585_utt10.wav,wa wi mit mit mint for disordin o yin
1308,sad,dia36_utt4.wav,or a
1309,sad,dia964_utt10.wav,iishappen when i never
1310,sad,dia336_utt11.wav,
1311,sad,dia556_utt2.wav,for ous san as she came o had adesertedm
1312,sad,dia558_utt8.wav,tre years i ons a ma e mi osers tisla e
1313,sad,dia935_utt7.wav,r
1314,sad,dia434_utt1.wav,one was saying i sily slily
1315,sad,dia940_utt0.wav,on hi side porship
1316,sad,dia218_utt6.wav,and knew where when i thought i were  t adviser that we became friends of berk so they had no has
1317,sad,dia331_utt4.wav,te liar gisty aas rightnes said suppose yo am
1318,sad,dia953_utt20.wav,o my god she bas
1319,sad,dia372_utt6.wav,an at las cha
1320,sad,dia1027_utt3.wav,she just i ay and they wt e mors in his tor
1321,sad,dia585_utt6.wav,ve tri
1322,sad,dia958_utt0.wav,es
1323,sad,dia307_utt2.wav,then fancies men
1324,sad,dia237_utt9.wav,fa andi thalis
1325,sad,dia129_utt2.wav,by the way if he nerly side to made my use
1326,sad,dia312_utt12.wav,lass i so sho freeefo ihid ssai meyou isais
1327,sad,dia988_utt4.wav,and then theyhave to me the same said he are malos in thesir
1328,sad,dia1030_utt4.wav,he itisten to you for hethout anyone about
1329,sad,dia201_utt4.wav,so i'm sorry  so things you go way hevy her
1330,sad,dia199_utt0.wav,a sal recide for visionas lies on now
1331,sad,dia316_utt2.wav,es le no hesin in se rooms he such as life i lot as on fo ho
1332,sad,dia226_utt17.wav,i no tock to a friend
1333,sad,dia51_utt1.wav,what hav i have yer
1334,sad,dia265_utt4.wav,cha wa i ayo names ha ah so srae a  lovely bening w
1335,sad,dia262_utt3.wav,eo ges woli is
1336,sad,dia803_utt1.wav,owe nos a
1337,sad,dia496_utt2.wav,sory i wathat me from
1338,sad,dia214_utt2.wav,as in wack ri ga an hin who worse a rur sad mo my heart gan an my ga
1339,sad,dia82_utt4.wav,wy idearly i a ean has
1340,sad,dia667_utt8.wav,e he
1341,sad,dia546_utt14.wav,her iyou will mit myy
1342,sad,dia722_utt6.wav,o i r nedeg in the house i  like a brother
1343,sad,dia817_utt10.wav,ye let you
1344,sad,dia816_utt0.wav,y realize ans yis air complately gal away
1345,sad,dia594_utt0.wav,deretlin
1346,sad,dia132_utt2.wav,ot if i u how
1347,sad,dia936_utt12.wav,hin to race for ad a evers jidy
1348,sad,dia835_utt0.wav,i i to tell you i beside you a
1349,sad,dia657_utt14.wav,so lungy ie as i was te heady medl ban carkass
1350,sad,dia680_utt13.wav,i ave you so mach
1351,sad,dia841_utt6.wav,my dear
1352,sad,dia146_utt10.wav,
1353,sad,dia148_utt19.wav,only as he sum hes yep in thed room wit
1354,sad,dia759_utt14.wav,i te i me
1355,sad,dia456_utt9.wav,propose t mean that the gray mite good sort staaa
1356,sad,dia1007_utt5.wav,ay paleria word ibely in ivoly
1357,sad,dia1007_utt12.wav,
1358,sad,dia242_utt6.wav,heyou nat wa is our gars a
1359,sad,dia132_utt6.wav,no really now pay throwhom ths is
1360,sad,dia1_utt1.wav,yes pit a cowel
1361,sad,dia334_utt2.wav,said i shatr patters o belen
1362,sad,dia387_utt2.wav,my lifs olesgian
1363,sad,dia146_utt12.wav,tesaspartis wr ita an elstin the most sun i ever had in l all my lives
1364,sad,dia532_utt10.wav,as she's the princess an mistable boy why don sigh in ar sally wat lutti o then
1365,sad,dia747_utt14.wav,a ita thought is my natural corislaw i i was madin fail is edger
1366,sad,dia474_utt3.wav,well first te forgat and tryl you a grandsha
1367,sad,dia939_utt11.wav,hiio
1368,sad,dia109_utt7.wav,ev thinkin me moried i had shi his helt
1369,sad,dia843_utt9.wav,i sar ye gow es were i fi o han sats no swat may i a reri  allan is it
1370,sad,dia740_utt5.wav,bo toi lagor
1371,sad,dia660_utt14.wav,is wo a o call be shigyboy
1372,sad,dia896_utt1.wav,i'v so sorry
1373,sad,dia151_utt11.wav,has oye
1374,sad,dia616_utt0.wav,ah tels all day dat
1375,sad,dia231_utt10.wav,thoug never new is the most i say all make
1376,sad,dia794_utt7.wav,this forsay that i hather
1377,sad,dia681_utt4.wav,tant wa hers itrao
1378,sad,dia506_utt5.wav,she urgs goin to the phrison ne now
1379,sad,dia521_utt4.wav,now he said to he coje copposite susen bush
1380,sad,dia841_utt10.wav,it was a mistake heis all take us anevening ad i done it
1381,sad,dia531_utt3.wav,anot english
1382,sad,dia50_utt7.wav,wa may yer  sa charse
1383,sad,dia289_utt4.wav,meaningless ped and chap a long here yeun those that i exist
1384,sad,dia936_utt10.wav,oway  i pe
1385,sad,dia531_utt5.wav,i was ralhy narish and the ac centros tom te skinner
1386,sad,dia401_utt11.wav,a a  angry i
1387,sad,dia792_utt18.wav,hanmons all i di not ussuer e
1388,sad,dia365_utt5.wav,on yo a here o wo chat now
1389,sad,dia337_utt6.wav,let this was wo hammers was tisposa hat for
1390,sad,dia936_utt18.wav,
1391,sad,dia474_utt16.wav,
1392,sad,dia539_utt6.wav,so  e crimaso te sweepa
1393,sad,dia1007_utt8.wav,so the horse christmas hemmer bel
1394,sad,dia152_utt11.wav,geatthi itis all ow i saya and i i anaking ong sat someta is a me
1395,sad,dia380_utt2.wav,ee is i say in reten have you no
1396,sad,dia116_utt7.wav,now one mit sti hargod s s who seesed to say devil of the pulishmen  mate her dest
1397,sad,dia874_utt7.wav,o cat to give up to very dolivich
1398,sad,dia146_utt11.wav,i can't she loved me i solly trusted her it an monday as in iin my face an gone
1399,sad,dia933_utt15.wav,wi se  askyo any othe day custers o thor apres
1400,sad,dia223_utt5.wav,o those worse i now use it whenthe that astroyar candles lan sinlan i'll hang on me straight
1401,sad,dia434_utt10.wav,oher i er ei
1402,sad,dia593_utt3.wav,on her
1403,sad,dia131_utt1.wav,figish he
1404,sad,dia774_utt0.wav,a as your arives
1405,sad,dia449_utt12.wav,hen ar o ans can i you let me
1406,sad,dia622_utt4.wav,wis ma la la
1407,sad,dia441_utt7.wav,i dont my ow my mature
1408,sad,dia545_utt3.wav,a before ou ci
1409,sad,dia1025_utt3.wav,hurry o
1410,sad,dia40_utt14.wav,ho poo ot
1411,sad,dia1007_utt14.wav,a side she was shes sye her ta han mak napis sesus la
1412,sad,dia874_utt5.wav,etal rigt him up to that
1413,sad,dia983_utt6.wav,itio
1414,sad,dia830_utt6.wav,i
1415,sad,dia362_utt0.wav,oh the spy rooms py good an that ad fi pas how as ies shek houts
1416,sad,dia187_utt0.wav,a so i as of mig as you pan a
1417,sad,dia2_utt7.wav,o eae happy
1418,sad,dia923_utt1.wav,how maria thoug g consciously ars of very serious wolish sh
1419,sad,dia572_utt0.wav,s now they have tast an unusual it manes for each other
1420,sad,dia852_utt8.wav,no egein in hard can
1421,sad,dia474_utt10.wav,i as i drew
1422,sad,dia347_utt10.wav,ie
1423,sad,dia638_utt4.wav,tar win me can le youself w
1424,sad,dia208_utt14.wav,and la sigi
1425,sad,dia245_utt13.wav,ing
1426,sad,dia347_utt9.wav,now  silen i snil on
1427,sad,dia616_utt2.wav,ah the pise gore ss ol won
1428,sad,dia660_utt5.wav,the ir synp is wat for mi
1429,sad,dia936_utt11.wav,in goi erno iif yo hev me a say now you to nice prayer fers jy
1430,sad,dia237_utt8.wav,the in he was is non by you by being gricious you may be so sed in in i ets
1431,sad,dia404_utt3.wav,to way you
1432,sad,dia517_utt5.wav,ye ma say mana say
1433,sad,dia109_utt6.wav,lind his checkan as he is in juc liting cal
1434,sad,dia843_utt1.wav,and now mother sat whils hermaan her fourth widting
1435,sad,dia981_utt3.wav,an she cesme
1436,sad,dia124_utt8.wav,we tomen is far enry age
1437,sad,dia924_utt5.wav,somthing now i hade seen then the nig suffirst  ma ter is ne mistur
1438,sad,dia1036_utt1.wav,boun syjate plance you shut down
1439,sad,dia241_utt1.wav,e wy asineseni ew so
1440,sad,dia291_utt1.wav,o course tey are helt me up ead ed ah
1441,sad,dia783_utt8.wav,iot
1442,sad,dia320_utt8.wav,yane you son anoveri n that is janee
1443,sad,dia18_utt8.wav,that king comages a lain
1444,sad,dia964_utt16.wav,i cant se i mo
1445,sad,dia589_utt5.wav,e  e lok on a grees churcs my ni her  at iv ae universe times and acts as o lies
1446,sad,dia372_utt5.wav,it alacki from wo you
1447,sad,dia670_utt2.wav,i neer nny worry
1448,sad,dia700_utt11.wav,i i algod
1449,sad,dia822_utt7.wav,om
1450,sad,dia950_utt7.wav,because in the latter case
1451,sad,dia146_utt1.wav,sheas gad a a yo car e ased e ma is called her
1452,sad,dia791_utt9.wav,im is staying
1453,sad,dia1007_utt7.wav,i ander ais foice o
1454,sad,dia249_utt5.wav,or or pi willo two peces
1455,sad,dia398_utt3.wav,e
1456,sad,dia478_utt12.wav,a man all this is now
1457,sad,dia336_utt9.wav,ju ju just he atit isoy heel a hunn god er i  ati
1458,sad,dia733_utt10.wav,ted at e moment
1459,sad,dia983_utt3.wav,i know wo sorry it has jok it won le laws woget t
1460,sad,dia222_utt4.wav,amaden her in gisen siye
1461,sad,dia524_utt13.wav,somebod had i settalgise
1462,sad,dia553_utt19.wav,ia m ma i isesa god iding by y  a sha
1463,sad,dia972_utt7.wav,hefindly told to do that now
1464,sad,dia923_utt12.wav,i wuld jast to selk up an ed re now a deer y name a the latlory cried on
1465,sad,dia220_utt3.wav,i go undo apologise if i did see i ha agyy yesterday my shower  por los you know
1466,sad,dia594_utt3.wav,ok it is lost mou
1467,sad,dia177_utt8.wav,just nowthe rig t
1468,sad,dia985_utt3.wav,somewon how te had may aeme hawti ye wor e ow asked e
1469,sad,dia973_utt11.wav,thebriten ot thephosition ton say we re no questions of happinens atis the war gree ment move bin floming through the tree
1470,sad,dia40_utt13.wav,ss
1471,sad,dia676_utt6.wav,and i ave so terrible that earness i o ol my marriage
1472,sad,dia968_utt2.wav,i never know love like this a
1473,sad,dia738_utt0.wav,otha saae
1474,sad,dia292_utt1.wav,i'm the talkins you for fyn menuse now ill con myself and ols you look up from your nesk thehai
1475,sad,dia465_utt3.wav,sorry ar you
1476,sad,dia747_utt15.wav,aaherd
1477,sad,dia506_utt3.wav,your good heart great s
1478,sad,dia412_utt4.wav,losie
1479,sad,dia260_utt7.wav,sas an sacks hows at o he at sa he ad
1480,sad,dia449_utt2.wav,a so so sorry a vagess
1481,sad,dia3_utt8.wav,oh i os see so happy too
1482,sad,dia481_utt13.wav,or ri hri rise i ougt t made him so as don
1483,sad,dia810_utt1.wav,the wore abre
1484,sad,dia290_utt0.wav,ut all right as
1485,sad,dia938_utt2.wav,so did yefor you now
1486,sad,dia682_utt0.wav,a i dont ow that there may be some fines wen i a may at be round on my miss
1487,sad,dia430_utt2.wav,sa
1488,sad,dia784_utt1.wav,at once nop had fullin chain saw lettering wringle citros
1489,sad,dia700_utt6.wav,us ros lok ta  i can tell you this in them onlying rosal isne ca not say hi
1490,sad,dia645_utt6.wav,and i now is a hear a dear father esadi y
1491,sad,dia796_utt19.wav,a yho foher and i grl strong yal
1492,sad,dia794_utt5.wav,o good sso hany that i love her
1493,sad,dia260_utt3.wav,
1494,sad,dia45_utt0.wav,i am sorry but what i said
1495,sad,dia920_utt0.wav,a saw my best for his great siritloss cannits ssanki devi ame
1496,sad,dia936_utt14.wav,no tit has me  e iris
1497,sad,dia387_utt4.wav,crass jo majo ryoss
1498,sad,dia320_utt4.wav,oither uf you sman sat
1499,sad,dia521_utt5.wav,i heerser erse
1500,sad,dia964_utt7.wav,emow
1501,sad,dia368_utt0.wav,thu sorrying tit to i face cave an amolben a mabe somehow this mad o make up for him that presenting sara dottls prie had ben muc as i ye
1502,sad,dia861_utt2.wav,harrilon me agery
1503,sad,dia530_utt23.wav,i a yesterday i aa outlew man
1504,sad,dia681_utt2.wav,fa o toly scanded tas scri s om
1505,sad,dia923_utt4.wav,o since thins if snown a te ay in ranny airwaye ri
1506,sad,dia961_utt8.wav,af actual at him monser
1507,sad,dia936_utt19.wav,sorry i now sistia sp he is over sie
1508,sad,dia852_utt2.wav,i'm sorry
1509,sad,dia820_utt4.wav,
1510,sad,dia143_utt2.wav,oshotin i aroniit
1511,sad,dia54_utt15.wav,isa
1512,sad,dia921_utt3.wav,li so sight as ye ah
1513,sad,dia273_utt3.wav,iera gid me cater princes cater
1514,sad,dia129_utt4.wav,ye i'm sure i dik i o if i yet hari soakin i
1515,sad,dia41_utt0.wav,ioou osii wi  i open e a tiset a naked on ith a th vazeda and
1516,sad,dia1027_utt2.wav,ou soundos padadisy w
1517,sad,dia842_utt5.wav,i know i you sanyou sat ye yo i anlast yo  you saee sa s
1518,sad,dia160_utt15.wav,rin i ea he
1519,sad,dia861_utt0.wav,o wa asein
1520,sad,dia260_utt4.wav,she aslite me sheas li semeting wen my taghter if she
1521,sad,dia319_utt8.wav,s sothing i say
1522,sad,dia356_utt9.wav,cenzoia y sancho i nate the nocto isy of mine and his befell and songit
1523,sad,dia980_utt3.wav,this is the hardest letter that ever had to write
1524,sad,dia400_utt2.wav,be shi e por yet he sorry was is lay
1525,sad,dia445_utt9.wav,is tat any running cosing nocthing wy
1526,sad,dia347_utt7.wav,by on this sis to mig mad ader
1527,sad,dia638_utt7.wav,sorry hat sorier child and nigs
1528,sad,dia438_utt10.wav,be an i mi say to a
1529,sad,dia219_utt11.wav,and fhorseinias
1530,sad,dia36_utt5.wav,for worse
1531,sad,dia486_utt14.wav,sorry at as everd his eyes aty sow catching on fire
1532,sad,dia874_utt10.wav,sto how it the world is ready for you
1533,sad,dia973_utt6.wav,i a sorry a at in happy place
1534,sad,dia904_utt2.wav,its o i ari amer like fishing in there out by nay
1535,sad,dia506_utt10.wav,stuped a
1536,sad,dia476_utt0.wav,sorry aa the starcanmen
1537,sad,dia506_utt9.wav,fak
1538,sad,dia6_utt16.wav,so sorry
1539,sad,dia585_utt12.wav,
1540,sad,dia830_utt7.wav,mi te so bori
1541,sad,dia778_utt1.wav,or tensi
1542,sad,dia84_utt6.wav,i nw it's mu hap yet
1543,sad,dia87_utt0.wav,
1544,sad,dia256_utt10.wav,isily larage my tee
1545,sad,dia935_utt4.wav,srating sstupid argunent ianwont se rejeuran lo i said
1546,sad,dia676_utt0.wav,tis for me not to see you a e
1547,sad,dia164_utt4.wav,
1548,sad,dia312_utt4.wav,i still love me
1549,sad,dia594_utt5.wav,n no idea of a eunepus
1550,sad,dia358_utt14.wav,as  one ohe herisar
1551,sad,dia523_utt14.wav,as y hat on le hav te mack as she all over here all right screw
1552,sad,dia840_utt15.wav,a nay casse
1553,sad,dia936_utt8.wav,ia is own i
1554,sad,dia796_utt0.wav,an men mayo a ded i hav ha some bar os i onl tea rov fosses
1555,sad,dia61_utt7.wav,
1556,sad,dia328_utt8.wav,i generlly joelline  i get help old every day
1557,sad,dia1017_utt1.wav,ater o
1558,sad,dia464_utt18.wav,y no is to be ran alia n i three arried am solkerd and i am a dalessly i o ahey
1559,sad,dia362_utt3.wav,why did you make it very ver
1560,sad,dia585_utt4.wav,ish women
1561,sad,dia981_utt1.wav,you are may the right bout jou
1562,sad,dia806_utt5.wav,liveness onte sorm
1563,sad,dia985_utt0.wav,sir her it is e work i lost my helsishom
1564,sad,dia772_utt2.wav,
1565,sad,dia1006_utt2.wav,i know an nasin
1566,sad,dia446_utt16.wav,i li always sided y eyes myers of
1567,sad,dia260_utt6.wav,eseses
1568,sad,dia116_utt2.wav,well hala said hages you hol mi sas weas rese him he has to say reasecion
1569,sad,dia763_utt5.wav,i see wits eansni
1570,sad,dia897_utt2.wav,crase lay it selunger is inacact to
1571,sad,dia427_utt0.wav,ri w why i saw next more te now a he yid you  there
1572,sad,dia379_utt2.wav,yet yes that's  any one
1573,sad,dia632_utt10.wav,here ir her my as
1574,sad,dia664_utt3.wav,i just as shuc fy cri te led taway
1575,sad,dia312_utt21.wav,tat te ship all con pags
1576,sad,dia763_utt2.wav,and so sorry for
1577,sad,dia896_utt2.wav,aaeram
1578,sad,dia493_utt0.wav,y god i
1579,sad,dia810_utt13.wav,mountis at sarted how to set out bursti inward
1580,sad,dia506_utt11.wav,the owcom is
1581,sad,dia654_utt0.wav,i am so so so so sorry
1582,sad,dia121_utt7.wav,surry
1583,sad,dia245_utt15.wav,wi i a posilen
1584,sad,dia798_utt4.wav,
1585,sad,dia349_utt7.wav,wit the next wot an you new he iyes ti y rige thing ot ye
1586,sad,dia745_utt0.wav,at his ivisual and now good movi
1587,sad,dia994_utt2.wav,yes howey wes sus
1588,sad,dia740_utt7.wav,the doctor sad e lotter ter over hereby
1589,sad,dia132_utt4.wav,det e i
1590,sad,dia596_utt5.wav,a we toat and a chairk and he fot ofer
1591,sad,dia540_utt0.wav,yash whyare a girkish chrisess i yus ling longiegenge
1592,sad,dia410_utt18.wav,la
1593,sad,dia861_utt1.wav,you sain nare hours
1594,sad,dia780_utt4.wav,he would reture tha cause he said bak my letters
1595,sad,dia360_utt0.wav,now i i nin my jois
1596,sad,dia457_utt8.wav,asa be your right ye remie
1597,sad,dia813_utt5.wav,andid you meril
1598,sad,dia289_utt3.wav,and  gray i hel yourself
1599,sad,dia1006_utt0.wav,ti slas latee in hi hols ear
1600,sad,dia174_utt6.wav,musician poress adressaurant and mucho
1601,sad,dia225_utt9.wav,solea dal cecoq was pretty hard was a well him ad
1602,sad,dia28_utt7.wav,er wo inoosna
1603,sad,dia945_utt1.wav,as i am sorry
1604,sad,dia278_utt4.wav,o king o year
1605,sad,dia385_utt3.wav,som inbalsible way
1606,sad,dia659_utt3.wav,a tryin isin s i an and sighing an a a mi i esi mi be sly inis and i lazsii mather
1607,sad,dia497_utt2.wav,not wrong i wish i was mor sorry e hewas the emary meides as men
1608,sad,dia593_utt4.wav,gerio again
1609,sad,dia506_utt2.wav,a well shwell his arms end i his hay hart
1610,sad,dia531_utt6.wav,i sorry
1611,sad,dia747_utt2.wav,there as as kin and i fly as yo said he's love with me
1612,sad,dia652_utt3.wav,as i cas i too
1613,sad,dia918_utt11.wav,yes and has i i eared on ininnan shally
1614,sad,dia372_utt4.wav,it to stand its y fre
1615,sad,dia926_utt2.wav,now who's the sweet he ai ser
1616,sad,dia661_utt9.wav,a it as first oo  on   oo  u wo  e wo wo ohe cri e
1617,sad,dia1017_utt2.wav,canterays my faults
1618,sad,dia549_utt2.wav,stibe ate sila  es no sizei
1619,sad,dia588_utt1.wav,moselli is a
1620,sad,dia148_utt20.wav,o
1621,sad,dia980_utt11.wav,or you
1622,sad,dia645_utt5.wav,rtery an i owis you asked erfahavt ye
1623,sad,dia702_utt1.wav,sars ariinim
1624,sad,dia4_utt11.wav,listen i maug how so i been so crazy and jealous and thi is o gelliso
1625,sad,dia474_utt1.wav,how just win tat once we are so sorry w
1626,sad,dia67_utt6.wav,ane ee was in te hop
1627,sad,dia245_utt9.wav,ri  at eri sa crturing ly onshee no i'm been in at evning it cried he's all di
1628,sad,dia298_utt4.wav,they fa who sat in his snow
1629,sad,dia251_utt6.wav,tenderly a
1630,sad,dia871_utt10.wav,nor should we mentiond it that i wanredin i did
1631,sad,dia595_utt4.wav,i now
1632,sad,dia680_utt14.wav,here
1633,sad,dia619_utt7.wav,shan't try e en a happen to us
1634,sad,dia768_utt1.wav,i hi a twor i
1635,sad,dia175_utt11.wav,yes yes very lit te di is in day when she seen in in verse
1636,sad,dia63_utt7.wav,suddenly he heard that wmike ina special an
1637,sad,dia235_utt8.wav,
1638,sad,dia554_utt10.wav,o never me the
1639,sad,dia1036_utt20.wav,ice to wers o i shals al his git gray
1640,sad,dia540_utt5.wav,ho i a hue was say i as you her he help me is
1641,sad,dia939_utt9.wav,was assasin
1642,sad,dia27_utt0.wav,ray shis iserd inte ad
1643,sad,dia976_utt10.wav,ei say  anyurd yor do ser ah
1644,sad,dia977_utt10.wav,lik
1645,sad,dia797_utt12.wav,aloeg fast yet he cries it
1646,sad,dia726_utt0.wav,o yes ir about that
1647,sad,dia585_utt0.wav,i came lot hen sha i ow you ros
1648,sad,dia670_utt15.wav,take a rest of my
1649,sad,dia988_utt3.wav,how ci marty we grainer in he hade chance and en intustet i he hanging had with other toubles squatcin
1650,sad,dia536_utt4.wav,i was honer of a manab ma it had specially ma
1651,sad,dia407_utt1.wav,ines meles av frien e negrants he n happy han et e te eyes
1652,sad,dia261_utt8.wav,my sali tais tay ee a
1653,sad,dia831_utt6.wav,ours ding
1654,sad,dia180_utt4.wav,o a agan
1655,sad,dia662_utt6.wav,hit's at the first time o as to go look out mister incold hes a fran
1656,sad,dia54_utt1.wav,so course he het very o isit i tha a
1657,sad,dia888_utt0.wav,otin howyou aser  red y
1658,sad,dia926_utt1.wav,where is doing mer awr
1659,sad,dia347_utt0.wav,osprasila
1660,sad,dia594_utt1.wav,
1661,sad,dia1023_utt4.wav,a smy tie famile was one out shoten winin o mitings
1662,sad,dia895_utt9.wav,e
1663,sad,dia366_utt6.wav,you
1664,sad,dia180_utt5.wav,god a en il ataliny ti bo sacred aranswer as a
1665,sad,dia312_utt5.wav,now you
1666,sad,dia964_utt12.wav,fir
1667,sad,dia938_utt1.wav,sorry
1668,sad,dia6_utt15.wav,sorry
1669,sad,dia1007_utt6.wav,aaer he visits he oy like i a thousand inegers before he did john
1670,sad,dia530_utt0.wav,howring
1671,sad,dia1026_utt12.wav,anxiis peenfis
1672,sad,dia445_utt10.wav,sorry e
1673,sad,dia756_utt5.wav,no heis horriness was harra
1674,sad,dia832_utt11.wav,were you saing his were bearying his wof
1675,sad,dia1030_utt1.wav,sloms your watch
1676,sad,dia167_utt8.wav,
1677,sad,dia170_utt10.wav,chark
1678,sad,dia2_utt3.wav,s e on
1679,sad,dia874_utt1.wav,a ten choth thear liv i was aair  i
1680,sad,dia218_utt4.wav,he my myself i hapry its in ni esy i
1681,sad,dia698_utt7.wav,ijust her and ajiso
1682,sad,dia594_utt7.wav,scornie at i ie fine years you shall
1683,sad,dia76_utt7.wav,incin thet lok any
1684,sad,dia692_utt0.wav,he was a jiad merkanan
1685,sad,dia160_utt5.wav,i had manners
1686,sad,dia511_utt6.wav,o  o derli i canat how can it lost him
1687,sad,dia228_utt1.wav,feess o casa o singyo never iss and a nady as ye do a teac yo in
1688,sad,dia676_utt5.wav,oh youare resose
1689,sad,dia379_utt5.wav,sorry saer for you
1690,sad,dia347_utt4.wav,nonsent he is actually mygrasman
1691,sad,dia843_utt7.wav,imand there's no gray a's chal yesit a ein ar o i ot my sir
1692,sad,dia160_utt16.wav,er its  say
1693,sad,dia664_utt2.wav,no wife es huriies call er or ga
1694,sad,dia680_utt5.wav,well since the fire was kind of my fathe is he shit sick
1695,sad,dia770_utt15.wav,i just what as o wile tolls you what is the be deal sheis her mas long
1696,sad,dia853_utt4.wav,i don n te goltles crying hads are you so close him
1697,sad,dia295_utt4.wav,answerd o in you ban ee
1698,sad,dia842_utt6.wav,esessi
1699,sad,dia672_utt8.wav,ter hr
1700,sad,dia792_utt16.wav,i cannot well i onl ever hold you in my arms but  sacha skin wio dearle leps well ill let me love you
1701,sad,dia589_utt10.wav,i relly wis take carges lot it
1702,sad,dia590_utt5.wav,so the went soi te jane o te e fi
1703,sad,dia676_utt7.wav,ork and i do i have to day this marriage word i have to
1704,sad,dia1036_utt3.wav,iso i thing itall have
1705,sad,dia780_utt6.wav,o wor jeser so please
1706,sad,dia988_utt6.wav,litl wie looks o volgo helishan
1707,sad,dia15_utt7.wav,an i a some asopes
1708,sad,dia798_utt5.wav,o lonly eyes of some
1709,sad,dia874_utt12.wav,wat ri
1710,sad,dia249_utt4.wav,ma thans you a little turney is ima portres of ima noa a
1711,sad,dia312_utt18.wav,
1712,sad,dia901_utt13.wav,this that i
1713,sad,dia532_utt9.wav,shs man rose i li
1714,sad,dia428_utt8.wav,so henry rateo sorry hadsave us us had a lot of work to do
1715,sad,dia506_utt6.wav,i sinting a he i suddeny even never ever heard in
1716,sad,dia722_utt5.wav,say ain't der she's aske for me
1717,sad,dia901_utt17.wav,butshe would be ahis i fa
1718,sad,dia659_utt6.wav,cause she is tays she's old anlan an figten an an sad
1719,sad,dia855_utt5.wav,o sa mister somegi who really lats your father wis yet
1720,sad,dia686_utt6.wav,re i am sorry
1721,sad,dia449_utt10.wav,to hol her wit you and matel and the maby i ijs he just was a mean to be
1722,sad,dia1009_utt0.wav,i'm so sorry guie an  gro you now
1723,sad,dia884_utt12.wav,this a goot deal of something merse lusige
1724,sad,dia445_utt20.wav,that it may hii ye very gery so
1725,sad,dia359_utt6.wav,s that en something an hated as it was an america
1726,sad,dia924_utt6.wav,elosar jane
1727,sad,dia769_utt0.wav,i suppose saw be marri again
1728,sad,dia826_utt4.wav,i was i tha bed
1729,sad,dia379_utt3.wav,se e so long reasons ye now
1730,sad,dia585_utt2.wav,yont ser tes he tong me cross eery
1731,sad,dia372_utt9.wav,ansea ane sat on sweetther
1732,sad,dia379_utt1.wav,i hant it it
1733,sad,dia905_utt0.wav,dont le la you sahate
1734,sad,dia585_utt3.wav,so day
1735,sad,dia676_utt3.wav,we has soa
1736,sad,dia530_utt16.wav,i very swort i neally tont knoer your father is that's truth
1737,sad,dia87_utt3.wav,a
1738,sad,dia971_utt1.wav,all the time
1739,sad,dia945_utt2.wav,alla a thet that i used to sat ouss ther i think why wul such christo say such at anyo
1740,sad,dia874_utt3.wav,o iwas so prane
1741,sad,dia257_utt4.wav,wa is heavy you are so ar toshar
1742,sad,dia445_utt2.wav,is wit each anaaais every crosor as assager he might aten ay
1743,sad,dia521_utt2.wav,an i'm ashamed to say hat  h and look it hos i advised the fellow answered was i wrong
1744,sad,dia358_utt18.wav,a ansi an poy
1745,sad,dia922_utt3.wav,and i not ha a source i
1746,sad,dia182_utt1.wav,i just son gany iin  soway with a girl he has our ransor
1747,sad,dia326_utt0.wav,s ook yeat i
1748,sad,dia698_utt5.wav,no rey i i don't know
1749,sad,dia866_utt10.wav,o sarry te eavin hasen
1750,sad,dia124_utt4.wav,lite missus sacartman in a man tings of his first set ato te ak
1751,sad,dia1018_utt3.wav,im so sorry  her i want fro on strains out with his morrow incresi for men
1752,sad,dia549_utt7.wav,
1753,sad,dia446_utt18.wav,tit is i the soni sy morn  heri happy er i muse
1754,sad,dia590_utt8.wav,yes i look er at ati tad thi city arnel so avo hi  sle lost
1755,sad,dia804_utt9.wav,
1756,sad,dia491_utt1.wav,riia
1757,sad,dia66_utt8.wav,i love you o ney i wants to be friends and if i be at here i al sa haven
1758,sad,dia464_utt17.wav,i gr mater
1759,sad,dia567_utt0.wav,
1760,sad,dia449_utt7.wav,ai sir a felings him
1761,sad,dia491_utt2.wav,remetter o the a i
1762,sad,dia379_utt4.wav,njust so easy head or us
1763,sad,dia961_utt6.wav,samsable niber he as really nancy loded hat evilea was tarted and aasal coverin in asally fashed
1764,sad,dia336_utt6.wav,no
1765,sad,dia449_utt3.wav,ammilin
1766,sad,dia1007_utt13.wav,looin her in that riceous spirit of
1767,sad,dia1021_utt4.wav,are you
1768,sad,dia69_utt4.wav,cas pey hard
1769,sad,dia1017_utt0.wav,so soky a ba
1770,sad,dia664_utt1.wav,so ee too on canting hi wateros waso ri out te bri out
1771,sad,dia842_utt4.wav,i lost silence sinc
1772,sad,dia957_utt1.wav,an awell he was longing
1773,sad,dia418_utt19.wav,thast serbon on misach
1774,sad,dia312_utt13.wav,e wat
1775,sad,dia456_utt4.wav,ut by by i sarri asi sa in a agely in jail
1776,sad,dia950_utt4.wav,o her yer ar sa yeses
1777,sad,dia119_utt4.wav,yer now that sir tea at tis mat wen the mads ear in which i
1778,sad,dia260_utt5.wav,ut as you wort coming
1779,sad,dia387_utt0.wav,as e was you wa e wr aeea
1780,sad,dia54_utt16.wav,on o for se
1781,sad,dia594_utt6.wav,plase havia girl's eye sa
1782,sad,dia1009_utt18.wav,wo or nay i
1783,sad,dia694_utt3.wav,who's a wat's it it narrye walk it out of the ging yil of so a
1784,sad,dia816_utt3.wav,glamary han how is yo i to yo for him
1785,sad,dia655_utt3.wav,i ca believ e as a sap save each other
1786,sad,dia457_utt7.wav,wa lik h o but ar et ot any  a a sella in youar nis she remyed
1787,sad,dia926_utt5.wav,but that i wos my never mowes ish but do a
1788,sad,dia516_utt5.wav,as i had  had yo want us ana a te sales ai is o ome never rar a well ar shado on a shadow agel
1789,sad,dia61_utt5.wav,no and all i such piches
1790,sad,dia806_utt6.wav,y
