,Class,Utterance
0,anger,think you know me so well
1,anger,you ordered a stripper for the shalnen that is totally inappropria
2,anger,i think she's trying to make something happen with you to get back at me
3,anger,come on apartment come on apartment  i know quait as i ne
4,anger,what whate is with everybody its thanksgiving not
5,anger,i de
6,anger,could have been killed i hpe you know
7,anger,noo o nono no one can beat me
8,anger,oses a good shaped good shape e  wer p so of for just waiting for
9,anger,quiet don do
10,anger,on itmet it that was the best lap you ever hand
11,anger,we here to celebrate our love for each other
12,anger,monica with that snort was she
13,anger,and alife sitting up here majoh
14,anger,skildor to sell men she hate to y
15,anger,my go
16,anger,i know but her friend sounds like such a pathetic mass i now ut
17,anger,nobody sees the kiy
18,anger,r
19,anger,ia a merry cantler
20,anger,look look your daughter and i are supposed to leave to night for a humming moon now now you you tell her that i'm going to be at that airport and i hope tshe'll be there too
21,anger,stay colm a you step me to stay
22,anger,the laber oenecet by
23,anger,no i'm not drock ino you you go back to sleep and you are your rapest girtled
24,anger,even within his
25,anger,o non the minister iput em both on the forenou marry im right now i
26,anger,
27,anger,the fate kind
28,anger,and it's nice now we can put it back there after the surgeon's remove it from your calling
29,anger,
30,anger,a right that is it i will buve you out wh
31,anger,a thats so thise now grey where where's the tri
32,anger,you point your prenceit may
33,anger,hi pathetically
34,anger,oh god get out
35,anger,yu arn
36,anger,oard ovr over ei pli the trager
37,anger,o so hard we had to throw out your underwere again
38,anger,e
39,anger,thinks a lie
40,anger,that id
41,anger,now you are telling me a
42,anger,bet have f the wor i jacg ars
43,anger,taller huming the game wo cares is stupid
44,anger,did you not hear me say do oot
45,anger,dalkates  i admitted that
46,anger,i no because i got so freaked out i hung up the phone well if you had yept listening
47,anger,as jenus
48,anger,like fat it old cay but it's all for joy
49,anger,exactly because its in the past
50,anger,that's my johob
51,anger,oh i'm still mad at them but i also know that they bring happiness to lots of kids wos mums didn't kill themselves no so i supporting them i'm doing a good thing but i'm not happy about it
52,anger,
53,anger,a ron e
54,anger,what did you say
55,anger,some idiot customer put a suggestion in the sggestion by
56,anger,get a canto get a gum girls love go
57,anger,so inappropriate
58,anger,what woman
59,anger,but you tell me something i don't know
60,anger,it's not the pan since you ois backwards
61,anger,
62,anger,it's a funny
63,anger,it really wasn't right and and i want to make it up to you so um i brought you something that i think you'll really enjoy
64,anger,the way till they got here
65,anger,we sec a prese of do
66,anger,but you mind spending some time on my side curya it's bee killing me to day
67,anger,
68,anger,straihting why doesn't she want my br
69,anger,anwads instinct o pey i just went for is
70,anger,you will care about it because i care about it i got it
71,anger,at i can't imagine spending my life with any one else
72,anger,wat ot lady
73,anger,stop making candy
74,anger,' because their nerves are probably deadened from being so stupid
75,anger,i freati aldray
76,anger,o you go back out are you going to be dead ross
77,anger,i not only never bunny look over their dew
78,anger,whul we are a high fire o ere of the stupid central
79,anger,i know all about kip
80,anger,o they look what on is enough
81,anger,te making won ry now
82,anger,dem
83,anger,what ot howve you been
84,anger,i have been down in your store for twenty minutes trying to get a tie
85,anger,il te eunuch and erelli lay the tiles and ereane
86,anger,then why you woren't here yes it's good money  that doesn't change the fact that this is an evil blood sucking corporit machine
87,anger,oh kay i can't just be away to kill time till you meet someone better
88,anger,cristeten e
89,anger,no you no won your not get a suck me into
90,anger,we fought a habache together and then he ran off and got married and things got pretty ugly
91,anger,they're not roster just saving them for the important people e would what if i was the president
92,anger,not over
93,anger,damn i cannot believe i took her of my list
94,anger,tor wa o i don't look a may yn on to wanter to come up her and look for some stupid burger chain tom and
95,anger,you should be this is all your fault you meddled in our relationship
96,anger,if if i'm the only person with any appreciation of the sanctity of the written word that i'll go up there and defend it myself
97,anger,ross i am telling you she is using you to get back at me
98,anger,why aren't you home yet
99,anger,because i sure is hell can't figure it out
100,anger,use to stop there
101,anger,get off
102,anger,i'm ni going to tell you he'rs a bad man who broke sa of his leg
103,anger,like joey's constant knuckle cracking isn't annoy
104,anger,maybe it is all your fault now he loveser is geng to marry her and this is all your fauls
105,anger,o it's right by my house all on en
106,anger,huw
107,anger,only an idiot and wor the stuf of bitin nather ka
108,anger,esrl no you don't know the system i nobody must to of the system ther
109,anger,jelry willed alri
110,anger,and now we really are light let's go let's go let's go
111,anger,craziest thing is i just tay a whole peace of myself
112,anger,eg i'll give you one chance to change my mind igot one minute
113,anger,
114,anger,tat all as it was do you think these pearls are nice
115,anger,no
116,anger,if god fell asleepy
117,anger,t why don't you tell me what youre sposed to be ha
118,anger,canler is a great name
119,anger,wen a men i'm not saying that you shouldn't have a bag
120,anger,no
121,anger,ta i do en joy guilt  batta it wasn't me
122,anger,i get that o cay i get that big time and i'm happy
123,anger,happy is that what i'm supposed to be vic happy
124,anger,
125,anger,o she touchd my
126,anger,all the neighbor kingdom ah well ye that was de
127,anger,oot there i'm so sorry here ore youl cane here
128,anger,ha hay that's not the rule and you know it
129,anger,ere and instead of reading it people are are whell they 're rolling around in front of it
130,anger,ou fraid to go and riht ou
131,anger,ball now there's a ball
132,anger,that is the doc again
133,anger,ir i will acdem
134,anger,choose you jack ass a
135,anger,he made a move on me
136,anger,shall have  tenmen
137,anger,did you just flick
138,anger,does call on it not mean anything any m
139,anger,tealmdog
140,anger,i tell you just get on bone  gone
141,anger,no to little boy
142,anger,now i've got up a
143,anger,oga tremlocks down ive to go
144,anger,
145,anger,si ma
146,anger,
147,anger,i could play the obo
148,anger,your talking about bitch a
149,anger,i am not
150,anger,lackg
151,anger,is there's something fund amentally unveriable about me
152,anger,oh hey how about this one a it's sat so script    you know i don't know why my character likes you either i mean it saysn't a script here that you're a bitch
153,anger,funny weere at this beautiful place and i just put our names down for fun
154,anger,no i don't care mnot playing one  one strip poker with you for bra
155,anger,you still love me
156,anger,are they listening
157,anger,you are not supposed to give people advice
158,anger,ter
159,anger,
160,anger,stop going from my stop
161,anger,ere
162,anger,il an to fay
163,anger,a me nudle so  en
164,anger,what and kick me
165,anger,eusas i ed a
166,anger,so what ae you saying it's now or never
167,anger,we are switching up the next rest of and you are going to drive the whole way back that wuld be your punishment if you greety sleep ar
168,anger,on i youve been here all day
169,anger,no sleep last night
170,anger,i really wish that you wouldn't
171,anger,maybe oh he sof so well what kind of music dos nome that's offerd ye lik e
172,anger,ti have got to
173,anger,ren  you get her in trouble andthen yu refuse to marry
174,anger,well lots of people look are you coming to the memorial service or not
175,anger,aren't we a little old for this
176,anger,ci just walk away at the glean fullr hour
177,anger,kid kicke me really hard on the
178,anger,can i tell you somehing i'm a little mat at him now a i tell you something
179,anger,fi u
180,anger,well i'm sorry your car broke down phoebes but i'm a little too busy with some of my real friends right now but please call to let me know you got home safely o
181,anger,ai ha sloppy and immature
182,anger,are that part of
183,anger,i think it just moved it's really poking me
184,anger,e last year elizabeth now now this can
185,anger,do you realize i have a classroom full of students
186,anger,o affect you really
187,anger,m and then do you remember going into my purse and stealing the phone
188,anger,ve from par
189,anger,this is ridiculous we should be tacking you i
190,anger,you could counsel plans with friends if there's a possibility for sex
191,anger,oh lo lo lot i may chand
192,anger,oput ideas in his head i am  na he her
193,anger,bing veo
194,anger,oh that yet that you know i hate practical jokes they mean and they're stupid and and i don't want my son learning
195,anger,i can't believe you spent my wedding fund on the
196,anger,opy i have to tell you something i a never admitted raught our entire
197,anger,do you know what just happened
198,anger,come here rel p
199,anger,i'm tad and i just smoke here a month ago and youarke really scarce me
200,anger,ay o' ave the money to take ito a fancy place like that
201,anger,
202,anger,now on i have no first name
203,anger,h stor thing such a woos and get those off and you come at us te watcht naked girls dance around
204,anger,are i ifyou care enough to make up that load o crap lo eg
205,anger,bno acla rail man wouldn't just run to the hospital no wal i wal i cro ou
206,anger,i've forgotten what a taste like ocay
207,anger,t ye look in the mirror scrud
208,anger,no no o don't you dare bell on me
209,anger,but do you think my sisters tingmy timy little brain comprehennd  that mi botch on a time out of their lives to fly thousands of miles to be here
210,anger,
211,anger,you're telling me there's nothing going on between you and tram
212,anger,i want to be with her i like
213,anger,but by the time i got tt his only coupe pieces left
214,anger,cman go home and basking the triumph of my central park idea
215,anger,s but i'm looking at the weatness and i'm not happy
216,anger,an i up to hear  ma h ho go ma hi
217,anger,a
218,anger,
219,anger,ho ave you seen a cork com by yor nlas
220,anger,i just walked in the bathrom and saw cafy naked it was like torture
221,anger,oh my god i love ros i heros i love ros
222,anger,ly mam and dead or selling the how
223,anger,o know  headyoure the one who ended it remem
224,anger,theters a manuscript i hows in mine
225,anger,to day is eeny i thing to be made
226,anger,so you can either soak here for half an hour and then go an pick them up wore youll save us both time and soak in the car or ricly
227,anger,you think i should give up the bay
228,anger,a now id mad at me too
229,anger,bot on the hom an se pray they
230,anger,all you had to do was by the cart
231,anger,well i think it's very brave wor you si
232,anger,what's going on back i'll tell you what's going on
233,anger,a decline cat
234,anger,ri that's it oqu i'mouta here i'm not goingto be embarrassed any more
235,anger,obviously lost his mind
236,anger,no i i should get going
237,anger,matter
238,anger,i wash the toilet seventy times it
239,anger,a woman i think it's a feminist as she gises guies
240,anger,so jus tell me the truth
241,anger,set it down over there and then you can make a contribut
242,anger,just when last question im ar you an your friends goingt be over here all time like party in an hanging up oh don't worry i'm not really a party girl
243,anger,do you always have to bring him here
244,anger,starving how was i thinking at dinner you ont soup or sal both always order both
245,anger,talizaa
246,anger,or  i now the
247,anger,my god i gentified a boy
248,anger,i wan ow i mi
249,anger,there's the matter with you how do think jo is going to react when he finds tout you blew off his sister in the ladder well
250,anger,r i doll do myself  i'm not get to scrow it up
251,anger,can't tell him you can't go up to a got you barely know and talk about his
252,anger,i can't believe i did this what an idiot
253,anger,looking hypothetically why won't i be married when i'm fortou
254,anger,en i
255,anger,ma mayou think but i'm still i mow marry you
256,anger,ase she keeps lying
257,anger,
258,anger,god god go od get a ew how h  o
259,anger,no paby i am mad
260,anger,o  youn i wait for lat for ever to go out with me rijust now down come down come
261,anger,nowhat forget we are just hung
262,anger,not gettin ener this heady
263,anger,art look you not really cin to buy that are you don't you think you embarrass me enough for one day
264,anger,o k i will find some place else to do the rest of my appointments i just don't know what the bigdil is
265,anger,h ha so that's the way it's going to be hut yo i can break the rules till y
266,anger,oh there's no ore in mine why is orably ter
267,anger,they put you an jail e little jail between the doors is
268,anger,we can save us both time and silk in the car oricily
269,anger,nine times
270,anger,so you kiden ma
271,anger,i know whye should get drunk that work for a bunch of goes in my high school
272,anger,let said somethnagro wants to hear lok
273,anger,we just broke up first thing she doe
274,anger,if you don't tell them than i will
275,anger,e goderapron
276,anger,no sads no sage auga
277,anger,i don't have time to convince you because he's only here for four hours and i'm togo
278,anger,nyware i wut just think i mean if you'd gone to vale or if you guinves have been with your family or if you didn't have scyphylis and staff
279,anger,minnut that sajag ith
280,anger,i talk to you and nothin
281,anger,i respectfully disagree
282,anger,no nack youtrain an hom we can habit
283,anger,fine then you tell roger cause he was really looking forward to this
284,anger,patrent miss really hurts oscop
285,anger,it
286,anger,sowin what are you going going into my bed
287,anger,is ever cause that punk romo marri
288,anger,no he blew us off
289,anger,terry our he heye that girl over there
290,anger,wars she just called and said that she was going to be workingway
291,anger,no
292,anger,i caught the company vitcantu an that they don't care
293,anger,no no no no no no peme don't do that not me not for me doctor farber bobby rushes here for his just men
294,anger,and you are your rapest nirtle
295,anger,look at pure evil horny and alone  i've done this
296,anger,rnit it re ge on o
297,anger,wee
298,anger,i'm running out of place as i can touch him
299,anger,fine ono
300,anger,he was keeping my sister in a dungeon
301,anger,won why not so he could spend your time with
302,anger,people the last time there was some empty or good contatoes lying around after class let's not hat tha happen again
303,anger,a a dd you get your turn
304,anger,oh ger i said rechell's then but he didn't mean anything ocas
305,anger,on the end  of of be drinking alot
306,anger,o o bat a tot oter to than a
307,anger,win o fally yo think i an
308,anger,ow michael tell joe that y at you're back an really worried about you
309,anger,ga am next don't shut another day i said it was next
310,anger,oe god stop  with the plan
311,anger,you kissed another woman
312,anger,y h
313,anger,i really don't squeeze it so hard
314,anger,idan who cannot know me that clart stood me up
315,anger,that bhat he the a complut fellow who's unlikely to take a wife
316,anger,this isn't like swimming after you eat to  pick up to bow
317,anger,you know i've been madin to talk to yo about this whole little new yeurpean thing you've got going on and i just need to tell you it makes me very uncomfortable and i just you don't stop it
318,anger,shried ara
319,anger,a waied a second now
320,anger,that's easy for your to say you weren't almost just killed
321,anger,n look u little folk what ham i s
322,anger,apes the sky chief cloalsan down all our favorite places where we gane eat
323,anger,cant belive this is s like the worse night ever
324,anger,the hellar you ah
325,anger,wet that doesn't give you the right to ditch me
326,anger,sjust a how the expression of female sexuality which by the way is something that you will never understand
327,anger,you know it's not one of a kind a twin
328,anger,look ah i don't know how much more this i can take did you know he taped over my bay watch tape with some show about bul
329,anger,not so fast westly
330,anger,nitng worth mi a ta
331,anger,and then you took off your energy mask and you were camerodeas
332,anger,he touched my fanny
333,anger,you are asking me to be your wife
334,anger,i don't kgow a million
335,anger,u i cannot do this with my left hand would you please help me with this two
336,anger,you i throw myself at you and you say no how gay are you
337,anger,i' not jealous or
338,anger,i know hae o
339,anger,i always know she liked him
340,anger,no there is no way i am leaving this room looking like
341,anger,no acis low ac two three four
342,anger,ha
343,anger,i've been so slow catch yo do at any fa
344,anger,unasually i sent the flowers before the actual date so t
345,anger,i'm glad you hear say what with your hair
346,anger,hiyand my lids
347,anger,tha i called nine one one and they yowled at me if this is at un emergency than what is
348,anger,you now want rastil nok to let you get away with the
349,anger,ts it you know on im's gettingo over there and i'm confronting them right now
350,anger,you want to live to see your baby don't you talk to my husband like that you stupid best and
351,anger,oh no i keep trying you know and i can get out joey i have to
352,anger,because because it's it's itud be like you having thi sguitar and and never playing it loka the sguitor wants to be played
353,anger,the picture of my wife in your tack
354,anger,none astramay you attack your x wife
355,anger,you're a meedle woman
356,anger,welo now drank's near the back
357,anger,you think you can knock up my daughter and then not marry i kell you o
358,anger,it's not my baby
359,anger,i don't read as many important books as you do and i don't write trick poems that seem to be about one thing but are actuallyabout something else you know what i get excited about suped stuff
360,anger,and the year before that when you said of that night i door of that ba tagri
361,anger,oh ye i sawm with rhiming words wo i never thought of that before
362,anger,welt you wrong o ka you wrong
363,anger,interesting how theyare obstacles hot ananie and me against the world this the kind of stuff great novels are made of
364,anger,my parents spent the money for our wedd
365,anger,re you cetting i hurt free
366,anger,jole
367,anger,were you or were you not on a gay cruise
368,anger,the socks didnot have to stay up all night before i go to the stupid sleep clinick i'm so tired
369,anger,ar echeck it out ti  unbelievab
370,anger,
371,anger,kind of you just kept this to yourself none of this would have happened
372,anger,shudn out displaces a hole
373,anger,i know it
374,anger,
375,anger,i can't even use chanles computers to find poor and
376,anger,fine
377,anger,it's your thanksgiving too you know instead of watching football you could help
378,anger,some one there
379,anger,o wuld you never have the time i mean i don't feel like can even have a gird friend any more wretch
380,anger,secret clerity poance was ac secrets between one another we have too much love and respect for one another ah
381,anger,and ask ywa
382,anger,i does not look hahay hay
383,anger,as
384,anger,apparentlyou're not very good at it
385,anger,remon an blackform ready to dance the world into the new millinium and the guy yells cut
386,anger,you  like you haven't done enaugh to
387,anger,ak me sir this lady play my quarter this is my
388,anger,n
389,anger,and i feel like i've conquered the business world and i feel like i've conquered the intellectual world now i have the most beautiful woman in the world
390,anger,it's not funny this is actually my job
391,anger,call her stopbing so testosteroni
392,anger,o'd you get there well i believe this piece of furniture was five
393,anger,me o ont t goet my jobs and you can feel thite you have a girl
394,anger,nnow it's too late you miss your chance
395,anger,ha
396,anger,hend me those tomatoes i'l en to show you what it should taste like an hinme
397,anger,jury the widding is in less than an hour
398,anger,
399,anger,don't blame me for wolying to night well
400,anger,anywhere that's half decent wil have been bougt months ago rus don't you understand is is all wedding i'm talking about
401,anger,me waited until the last minute so if i said yes he would know that i had nothing better to do than wait around for an invitation to his stupid par
402,anger,this is unacceptable rachel
403,anger,
404,anger,what kind of profit is that and you call yourself an account
405,anger,well he m a thated ome pat
406,anger,i may play the culat times but a little more than just a pretty blond girl with an as tabon quit
407,anger,uncle are you manted me he said i was boring oh
408,anger,joy i don't think you'r spposed to go back there
409,anger,you monica geller hipe an bing
410,anger,rite
411,anger,so never never
412,anger,if you are not going to learn how to ride this fike i'm sorry i'm just enough to take it back w
413,anger,ya richard
414,anger,phebes
415,anger,cross do you realize this is the first time in my life i'm doing something i actually care about this is the first time in my life i'm doing somethin that i'm actually good at
416,anger,i sac and e
417,anger,wors   corsely i just stop by say that you're not a real doctor oy brain his fate
418,anger,oh i can easily get out of this but there's a chance you can get very very hart
419,anger,and we're not a couple of suckers
420,anger,ll have the star working out again there knew fifteen
421,anger,o if you coald help me find my father then you should
422,anger,try another shot on is put a half our own clagging
423,anger,oe give me some specific
424,anger,oh sure i am but because you always have to be
425,anger,
426,anger,ohbut it was my pigion  hud i not see this
427,anger,why o you think yo just come in here make a bess a big man the cover alls o come and claytid up y
428,anger,maybe it is so annoying yes
429,anger,now rachels told me how much easier you've made all this on her i cand you do that for me because eres
430,anger,i did not know that thank you monica
431,anger,she canselled my name's say canselledon me
432,anger,ly i asked you to gord the ring i know i'm sorry but you know this ring is better and monica never even saw the other rin
433,anger,the socks in
434,anger,tell me flalence because i trust you an youare one of my best friends inc you walked in on me while i was looking at rinrochers
435,anger,will ix som ask   or least wait for me to ask
436,anger,o
437,anger,my here take elike to sell on mon
438,anger,don't touch im me ni
439,anger,ar name thedromagulations
440,anger,no you know ardest don't see why she has to play with you that
441,anger,us to work with her use to i 'm a relative and i han invited
442,anger,can't it's too late
443,anger,and stop using my name
444,anger,no cercly what's tot with you
445,anger,you know i don't know why my character likes you either i mean it saysn't a script here that you're a bitch a aited e script becaus in mine
446,anger,chandler you can't keep your hands off her for one second
447,anger,my there canyou to say its sorts later
448,anger,
449,anger,i have a bone to trick with you
450,anger,how can your genitals make funkles hay it's not a perfect worel just go please
451,anger,i can't fat you
452,anger,all you do do you
453,anger,but i told you i didn't have the ti
454,anger,in stole my newspaper and it's like a crime wave
455,anger,isirat is yes he says i'm damage goods
456,anger,on that is just noise
457,anger,just come down com down coe down you sent me up with a woman  dult twice in the last five m
458,anger,she brought my a
459,anger,you've only been going out for a few weeks phoebe is icompletely hung up on mike beh shell say no
460,anger,all right all riht if you insist on doing this at least let me help you
461,anger,cannot play our wedding
462,anger,don't you talk to my husband like that you stupid bestan
463,anger,ad i don't know exact
464,anger,were switching rooms again
465,anger,i can't figure the sounds
466,anger,rit y ha
467,anger,all the time
468,anger,ah excuse me we switched apartments you can't eat our food any more that that cravy drain is ind it
469,anger,can you stop yowan you make e me nervous and i can't gold on a lurk abotoo
470,anger,i was doing my thing everything was boing according to a gran
471,anger,o he there's some kates playing in the street you want to go down there and get him a projact ruin there day
472,anger,ta
473,anger,nit is so typical i'm always the last one to know everything
474,anger,saving the rest for her divorce
475,anger,you had no right coming down to my office ross
476,anger,but i didn't want to know
477,anger,oh what's he matter very scared
478,anger,
479,anger,smell disliker yes sut e
480,anger,sa fear rosac is your first
481,anger,pigman yev got a mar
482,anger,yes you got a telegrl before you tape
483,anger,will stop by every newstand and burn every copy of their times in the posts
484,anger,i just wonder to let you know i've change my mind i'm going to do it i'm going to kiss joy j
485,anger,you know boy friends and girl friends are going to come and go but this is for life
486,anger,ross what doyo want fom
487,anger,now feed you doing the same thing
488,anger,a of the man
489,anger,e
490,anger,vebit
491,anger,why does this keep happening to me
492,anger,i've been a nice guy up until now but e how don't ye this grief
493,anger,i accept all those flaws why can't you accept me for this
494,anger,the waiter carried the breadsticks in his pants
495,anger,thiscame makes no sense
496,anger,yewe both ouht distioned for the part and te as it turned out
497,anger,fast ee
498,anger,an also am i'd be far away in the sea
499,anger,of ca when
500,anger,she's in labour you like that you sik son of a bet
501,anger,no you can you can't leave me here with that more baby sitin
502,anger,efore you know it she's with him
503,anger,at a nean to sit here silently while the three who have a conversatio
504,anger,for god's sake were to let it go there's no rachel
505,anger,ross you got a stop o kay you can't you stare through the peep hole for three hours you cam to get peep by
506,anger,you're a big scru
507,anger,not after this
508,anger,es me ma'an yus elea pinger it out on a tree
509,anger,we'll ball out of it
510,anger,no od else i pick it a miss
511,anger,foctor  do sider a
512,anger,
513,anger,jolly  i kempull i bring you here to see the bapstin kang comet one of nature's most spectacular phenomena an all you care about of buds stuck in torren and some woman
514,anger,why don't you think of some one else for a change
515,anger,i i was just trying to make a good first impression
516,anger,come on mann you can dancle my parner she's out she's real mellow
517,anger,they didn't take any of my suggestions
518,anger,im nt going to whisp
519,anger,im monica's maid of honour  don't try to blue pin me    well what to do with these things things look nice so they are nice
520,anger,phoeve knows and she just wen to fleek us out that's the only expledation for it
521,anger,and you were getti jealous how did you think you were goin to get away with that i do whitever you y
522,anger,o i saw just because it was my table i have to buy a new
523,anger,oh your mamma probably won't kill yourself youdoi'm sorry but i'm not hanging anl
524,anger,you to plan plan to get over my man
525,anger,no no hes no no why try to ruin the gane which brings us back of course to grealy as theory of dop
526,anger,is not is is not a marriage this is the world's worst hang overmathlisten if you do not get this anoment i will
527,anger,i om dea
528,anger,te froud
529,anger,you have been scrowing us all day re
530,anger,wy that's it get off get off of her
531,anger,hreally that what my daughter means to you nothing
532,anger,every one will leave
533,anger,we were on abrad now we were what happeneo you
534,anger,i am not getting in a car with ross we will just have to live here
535,anger,limited seeting my ass i a to seceny the kite
536,anger,i'll get aut te for and went wen whars e
537,anger,if i jut bar along in the trat shute
538,anger,let's go big bunney
539,anger,o cape a word i get an my pinchabl bot an my bulging biceps she knows sigeorge
540,anger,damn it phoe be
541,anger,me waited until the last minute so if i said yet
542,anger,i can't believe you put that on my alum i paid
543,anger,and im got in te wine
544,anger,find any one to get the birds get the bird
545,anger,i didn't even think of that bad ah fexual project
546,anger,i highly doubt that hoe
547,anger,might and watch
548,anger,what are you stupid  it's been three hours is that all
549,anger,begin friendling e
550,anger,were not thrown it away i built that cannoe
551,anger,
552,anger,about goin out i that girl
553,anger,hat are you talking about ross you just said that you read it twice
554,anger,but why don't you tell me what yo're upposed to be
555,anger,kind of scarios clowns came to yeur burtn
556,anger,was party of it
557,anger,yesyes you do watti know this is unbelievable
558,anger,ul you say ha
559,anger,i get that o gay i get that big time and i'm happy fore you but i'm tied of having a relationship with your answering mach
560,anger,now could you made some sort of inappropriate jo
561,anger,i am not quinning i am going to finish this gain allrigt or iht if you insist on doing this at least let me help you
562,anger,taylor he's your father he should be at your wedding
563,anger,and if any yow dont understand how important this is to me well the perhaps we shouldn't be getting married at all or
564,anger,nlast year is that why you sent us to that medieval time's restaurant
565,anger,see everybody else is happy she's done
566,anger,hey i ofer to marry her
567,anger,he started mie first
568,anger,this year was supposed to be great
569,anger,bunni
570,anger,now the lovely hamanda gives me her number and ay aye go and drop
571,anger,as no rachel
572,anger,you apologize to the tree right now or i am cauling forbacca
573,anger,mga
574,anger,then yets cause a phebe a so you knots either her mate
575,anger,an respects the bucket
576,anger,it will excuse me for wanting to be with my girl friend on our anniversary boy wouldn't ass ho my
577,anger,or disturbing myobo practice
578,anger,on the other hand if she wasn't kitting she's not fun she's stupid and tied im a race
579,anger,one
580,anger,what phoeby did you whip the brawsnaids la
581,anger,hapfy is that what i'm supposed to be thick
582,anger,o sudden excuse pulled on a second this is my friend's machine
583,anger,especially by that professor we ran tol last night judgivan holier than thatt
584,anger,feet when we were in high school i made out with james pharraowh even though i knew that you like
585,anger,i'm sorry my friends are at sophisticated as yours
586,anger,well you sock but at least you suck at a man's game now
587,anger,no tem you set down you can to gaa
588,anger,i don't thirk it i get married anyway
589,anger,i'l go ny crazy with that
590,anger,you ake my candy bar
591,anger,phebv said it was urgent
592,anger,i don't know
593,anger,and you'll be all o man
594,anger,not on the thik you a
595,anger,fugich
596,anger,that's how mad i am
597,anger,wit the tall
598,anger,noring out the first cless ticket she got the lound
599,anger,why to celebrate your relationship to solidify your commitment to declare your love for one another to the world
600,anger,a i was wondering is it possible to increase security in the paleantollegin section
601,anger,itsnot even a song
602,anger,this is exactly the kind of thing that makes her think you gat his love me more than you love her
603,anger,this is my home an i want to be able to come and go whenever i want
604,anger,look for you
605,anger,a won't you graduate at high school
606,anger,icall the bapstin chin commet o hiri he bapstin was a very well respected a
607,anger,wecaus a ficture s cose to say gelher and bean to be married nut local woman saves drowning more on e don't laugh at him
608,anger,
609,anger,ai careful the roal my wood op
610,anger,of swar
611,anger,in a heart wene to move on
612,anger,i don't care the wires have come loosing your head
613,anger,no you guys i'm not getting in a car with him you'll have to think of something else
614,anger,o k you don't think i thought of that
615,anger,do this isn't funny
616,anger,wol ga wake up still ar
617,anger,onica you don't even have a bed you sleep in a ball on the floor
618,anger,not go in there
619,anger,don't you hang up on me i'll marry you and me right now i have the power
620,anger,na a bso
621,anger,now that was for a
622,anger,ano jujust a couple more boxes
623,anger,i thought i jodd you againhere
624,anger,o kay fime
625,anger,wals or pretty thin dyes
626,anger,just git getting wrse and worse
627,anger,tomilam
628,anger,o hem a liar
629,anger,is so unfair
630,anger,blck born for the malen
631,anger,rour the wedding is back on
632,anger,i don't want till i want a ciss joy
633,anger,i'm in a caldl landlord and tell him that monica 's illegally sublet in her grandmother's apartment
634,anger,o ka o cno what is wrong with my snuggles
635,anger,
636,anger,jon harry sin
637,anger,i can't prove it yet but when i do you'll be going to jail for murder
638,anger,hunread eveen thinking about banies yes
639,anger,no where not
640,anger,i don't care iam trying to get up prelen out of my body and you're not making uneasier an ahow
641,anger,and don't you follow me
642,anger,don't mipen him
643,anger,no yet the grum cannot see the bride
644,anger,honently i really is it ross te oke wel let me just make this little easier for you woulde o
645,anger,a ats never going to make it all the way over here upon it
646,anger,h o kmon i'll ive you ten free raff lorinhird
647,anger,you know i don't ean felik i know you any more man
648,anger,its you all jellous
649,anger,yes how then i the'l comman not o givme dow givme my
650,anger,igood as at can a doi pi
651,anger,noo no no andlipping and do di you can't touch the paintings
652,anger,why god chaler the one you picked is gone it's over
653,anger,bun you shud't so dever do that again
654,anger,tailor please don't think i was trying to pressure you phoeb and rachel just thought febean ridichel
655,anger,oh give at easill taste like your grandma
656,anger,wil you pick one just pick one here about that o
657,anger,so i guess i'll just stumble across the hall a sleep with the first sky i find her there
658,anger,r who went down to the eus as nimets and sold of a two thousand boxes
659,anger,shut up you know it's a rebuilding yet you bu wha o
660,anger,to tetogets an sovrins
661,anger,why now my children jra en
662,anger,but micha is so interested in you that serga and i have been able to say two words to each other o wo don to sit here silently while the three whou have a commersy
663,anger,could you not give me the message
664,anger,
665,anger,i don't know i didn't come with her
666,anger,you know i mean it was really exciting at first but now ecie oh cate s where are we going to eat ever
667,anger,yo neg you  i here 'm not ashamed of my book
668,anger,ey i do not dump rightsowls nor are we still together us whel we just let the machine get that
669,anger,give a drainan copple you can't have
670,anger,my gadu  they hold all
671,anger,sorry 's not like the idea of when i'm saying i do he's thinking girl i'd do it too
672,anger,or so you win o k
673,anger,h iam sorry is that you'll be escape yes it really pretty unfortunately i don't see san
674,anger,inelling now he's dead but were about to have here as a dead fatgeye on a stick
675,anger,i'll take you right now budy you want to go
676,anger,nonallyis are not funny it's physically impossib
677,anger,i know   tha then againn
678,anger,god out u ba then you started this you will finish
679,anger,so i called the father and asked him to mat yo years you could tell him gl
680,anger,i the moment i im my i
681,anger,you look at me and it's nothing
682,anger,my miga i don't get fond messages from interesting people ever
683,anger,o that no
684,anger,for what for letting you throw me out of your office
685,anger,o try yo yu made me fee really kil
686,anger,but not about this
687,anger,si
688,anger,woosir
689,anger,and that's onl because it's right daw when you ton it on
690,anger,do you think manica realizes how much her perents spent on this weddy
691,anger,can't believe it can i tell you some i'm a little mad at him now
692,anger,not what doesn't matter because it is not true
693,anger,no i knowt iont need them im gad you guise now as friends you waln choosen
694,anger,o gomreit thats special bond again
695,anger,samon hire the girl oll cay everybody ready
696,anger,you really want to talk about getting people the like you ha funny man
697,anger,eater should even be here it's a schoolnight
698,anger,my gida goll away stop loking iny we are
699,anger,because i sureishow can't figure it out
700,anger,i thank for me thank ho i don't care
701,anger,do if you go you're just get a mesp of his head and ruin his wedding
702,anger,i ask one f witne is out there i cannot deal with her right now that woman is crazy o kino hallon
703,anger,it was the ring
704,anger,andon me mae rema
705,anger,not the same thing this is totally different
706,anger,
707,anger,ou better do something or i'm no walk out that door right now well are you got up
708,anger,otherwise you're just mean
709,anger,look all my stuff is safe and dry and all her stuff  is with growing no stuff
710,anger,right right a man it's pretty unbelievable you know i mean they're just talk off tok off without him lookim back
711,anger,joy and hat joy joy joy
712,anger,yjust had o
713,anger,ota
714,anger,i am strong and i'll show you
715,anger,john mc lan had plans
716,anger,so rus what' your problem
717,anger,just taking him outside
718,anger,i know you see in it stuff like that which is wyr b
719,anger,let me asked for something how come when i call your computed support line i have to wait an hour and a half
720,anger,thank you
721,anger,carry or not beck again
722,anger,russ is so crazy about you and i really wanted you to like me and i it's probably me just being totally parinoid but i
723,anger,at ebout time
724,anger,barlimen what kind of a party serves barley
725,anger,how can she be great is she's from pagipsy  a that yo e to killed in albeny
726,anger,the judge wouldn't let us get in a moment now we got to got inte boards did a push throw up on you
727,anger,because every time i go to the denis somebody dies
728,anger,y dom y by
729,anger,well this is my sickness
730,anger,i noit was my idea
731,anger,i can't talk to you i don't have a fancy ad in the yellow pages
732,anger,that in arrogance
733,anger,not nice a nough
734,anger,more like him than you do
735,anger,i going to go down there and teach that guy a we
736,anger,a just pick one so i can watch have a perfect magical weeken together with you
737,anger,frence to tat mery
738,anger,richel things could get incredibly complicated
739,anger,come an would you please pay attention i could wake up at any m
740,anger,no no   can i speak to some one charge please
741,anger,told this guy that i was looking for a fling dot tell the guye that or
742,anger,
743,anger,alcate stofp larry
744,anger,
745,anger,you said you would but you never did
746,anger,you wat el believe wel people put in here
747,anger,is at a secret or a lie
748,anger,y i asked you to gord the ring i know i'm sorry
749,anger,
750,anger,it was my for
751,anger,so listen i went across the street and talked to the doorman i got the peeper's name can i us the
752,anger,
753,anger,so so you're making porn movies no i'm not
754,anger,really think so i don't
755,anger,oh just as seget no no
756,anger,well you hangin ther teddy
757,anger,no no no not a richard thing just put down the glass and get out
758,anger,don't lt ti make any mistakes
759,anger,i hart livits you couch a hole in my dingy floor
760,anger,extract o hen you are an sothan you have
761,anger,i have to say i don't really care for your tone
762,anger,well just if the paste matches the pents you can make yourself a pair of pase pas an you onjom d you have a minute
763,anger,look at me
764,anger,someone to little crankyada ause they have to do it in a cup o they gave you the kitty size
765,anger,thatit  i will kill you ite vi ga hat that mit that my room is so small
766,anger,churk hoardyd bitch mh no your horty bits ilyour orning
767,anger,well i'm keeping so many things to myself these days something was bound to slip out
768,anger,i know thau wit him l
769,anger,oh
770,anger,you have to do that it's saturday
771,anger,would do stop am only twenty
772,anger,that's you rachel
773,anger,rachel
774,anger,all right
775,anger,
776,anger,wa em ma ging to hlther hag  we did we did houl over your wi we did father there's no fa
777,anger,chanler
778,anger,fon
779,anger,ogay ros athe man a pleas to to a
780,anger,hicked up my snap
781,anger,nor any of those people here no no no
782,anger,gercho
783,anger,she feels terrible she really must have mak ud you got to finder
784,anger,ectialy i think this apartment sullyes the good name of crapp
785,anger,not almost hip me in the face
786,anger,fair mi
787,anger,moved a boll further away ros could make that shot
788,anger,but i i saved it i put my basket on top
789,anger,o my sister just invited me to a party to ni and he's going to be there
790,anger,but af i ma yo dotis as i could
791,anger,ies nockin cracking bother everybody
792,anger,anybody familiar with the a sesion letven be the helt code that requires all refuge material to be taken out of the backexit
793,anger,ho ow ow ow ow ow ow at how w he know how hey he was going on she brought by
794,anger,now look i deserved to know where i came from
795,anger,all bon
796,anger,warg
797,anger,till your little breakfast adventure with angela delvecio
798,anger,oh case so i don't have it all worked out quite yet just don't don't say anything to rachel please rachel is one of my closest friends
799,anger,so i done then
800,anger,ould you tell her that i let you winsleys
801,anger,oh you now i i can't hear that enough
802,anger,yeas course you don't you cause you are a little princess
803,anger,would he still do it i toll your lobs ar rather only
804,anger,thebes can't make it got a dat talk you later big daddy
805,anger,see me look again
806,anger,different i was drunk and stupid
807,anger,its laminates
808,anger,five wat's on the drink
809,anger,yer well missy you'd better be glad that list is lamonated
810,anger,that's it
811,anger,can't ask people to do that would you ask people to do that
812,anger,oming through mo mo
813,anger,esis because you are looking you fat perfert
814,anger,
815,anger,oh i don't know how about the idiot who thought he could drive from albeny to canada on a half a take a gas
816,anger,phoebi an rachel just thougt fery in rachel
817,anger,'sorry joe i didn't think the doctor was going to buy that it just fell out of thes socket
818,anger,tell him that you're sorry that you left
819,anger,rine and laving som necket to spend one more day with some one whe's out to sav to tudge my every hent
820,anger,
821,anger,well it's not flax right now
822,anger,
823,anger,out o god a why wouldn't think to check there
824,anger,though i meanit therare so few genuinely nice guise out ter
825,anger,
826,anger,i found the picture
827,anger,rays
828,anger,eh sai the ball is in his court
829,anger,youare noing without your honeymoat se
830,anger,wouldn't you be well look it's been a really emotional time you know an you've had a lot to drink and you jus got to let that go
831,anger,dee how often has that happened almust never
832,anger,you figur youd get what you wanted and you dume perl like you did rate
833,anger,sttorming out
834,anger,
835,anger,yethe he he calls me up and asks me if he can edit my new moving
836,anger,i went all over new york city looking
837,anger,oh look at this one what's so beautiful yer oth
838,anger,install the fo
839,anger,i av al lime robber your glue whatever yu listen nough give me back my clot your it
840,anger,nothing it's over tamit this is regularly schedual programme
841,anger,you went through my personal property
842,anger,that's why you'e got o stivus to that play to get rid of us
843,anger,there was no kangaroo
844,anger,a son named georgie ell agree my son's name is jamie wa jenne is it he as hisin's first
845,anger,oh boy do they sirk
846,anger,wnembl get wet
847,anger,ondros man
848,anger,long
849,anger,for i you know what
850,anger,no so you're saying thaif i called it it wouldn't rain
851,anger,h i took them from the hotel lobby and if they think they can charge me for some dirty movy and a bag in ma sugarnuttes they get another thing come
852,anger,me no o momthing in my
853,anger,een if people are on it
854,anger,ont  i telling you it's like watching van by learn how wa
855,anger,ba
856,anger,to picture an rogers
857,anger,ny al easy it's not a hot dog
858,anger,you keep the old ones in the back that is so ages
859,anger,don't call us that
860,anger,rachael's here so good luck man let me kow how works out
861,anger,i don't accept this rule
862,anger,no not oet along e
863,anger,you spend off your life in the box and why you never go out the bloody window
864,anger,her you lurker the art ded
865,anger,ah ye yes i gave up a jab too
866,anger,why do you have a pecture pull out on your pack
867,anger,can wear that i'm wearing the famous toks jane bonc toks so
868,anger,t o god i just nevee eo  i o  o  o   ged sally im behind i'm just goin to go flushi myself div in the toilet
869,anger,
870,anger,here the t is battelling ma to get overer us and move on
871,anger,i said i'll do it nobody wants to
872,anger,ou sleep
873,anger,a great now he knows im i don't n
874,anger,fa
875,anger,iyet believe he' take the two of them havin sex in
876,anger,
877,anger,i'll take you the
878,anger,youdon't get them
879,anger,ohell theres some people who do want to marry me
880,anger,ot to sleep with the ragget the crams  a
881,anger,you're the worst best man ever
882,anger,a
883,anger,she moved in with a guy who was secretly married to her and he said he didn't love her but he really did and it just blew up
884,anger,ga
885,anger,and this is not the only hospital in this city and we have no problem to wo o
886,anger,ay is my misery amusing to you
887,anger,i got now o ge a a  y o i of yogo you  oe e o oo qite of you wo     a a   a a ao o o tethnthibetter
888,anger,i got owhen a kill in i thought we were just ging a cat
889,anger,cross and
890,anger,of all people you do not want me to tell the story
891,anger,ecauseyoutothung uon him
892,anger,it's not a real game i made it u
893,anger,
894,anger,what are you gass doing here
895,anger,ust i just read what you put on your page to day
896,anger,are you frisay rinstillon nwy buwages never get to tow
897,anger,myaja would like to know why i didn't show up at the odddition i didn't know i had to day
898,anger,lo or rea at the same table it's like cocktails an appalatia
899,anger,come on more
900,anger,why i mane it's pretty unbelieve he boy
901,anger,and wo knows what science will come up with in t future but an what if i die an unsuccessful regular sized man
902,anger,instead my parents got me this little plastic chicken that you hop around or h
903,anger,david's heartill be broken it will be too hard for them to recover from and then feehe will end alone again ma'am that some bad advice
904,anger,ahaha the hair comes out and the gloves fro
905,anger,i won't till i have my next cigarette
906,anger,that's right you are so busted ev bat but them
907,anger,ut againt dis this
908,anger,because vincent we were lovers for two years
909,anger,dede that is a different faul
910,anger,i'll get monica what are you doing you're gong to lose your job this is not you
911,anger,i haly
912,anger,you found my bo
913,anger,was the last to know would you had a crush on joey when he was moving i
914,anger,ine an leaving sanda gas ben
915,anger,i said no
916,anger,unlike the ping bing tanl
917,anger,dug you ar gad tadge thank you
918,anger,you sthrain
919,anger,an ler we have talked about this
920,anger,this is a garden view room and we paid for an ocean view room
921,anger,i don't need you guise to care about me
922,anger,you can't leave me with them where were a tame replying azol theyre get a triple to me
923,anger,can't your figure that i av based on my day to birth
924,anger,
925,anger,
926,anger,ine but please god tell me how to start the from going off
927,anger,when we make plans i expect you to show up
928,anger,it creaks me out
929,anger,already
930,anger,ja look at hr you six best
931,anger,ot because i know that this is my fathe
932,anger,imike i did something terrible to you
933,anger,eg
934,anger,a small puff of air cone r
935,anger,jugm
936,anger,i cannot believe that i could spend the last two days trying to figure out the recibed with my cocger the halt
937,anger,that guye is always mooching ough for us yer
938,anger,a nowr joing i want you to be my best man
939,anger,oend and why t d free funk
940,anger,ei might have some kind of life like iave been sitting around your honing for the last two hours
941,anger,if i cat have you get an in i
942,anger,is what on you anchan werer
943,anger,here
944,anger,ti scars me please and trying to have a date here
945,anger,you fallacy
946,anger,you're nonot just the person who meeds to flop the pillows and pay the bills as soon as they come in
947,anger,these clowns are toing to take us for a ride and i'm not gat a l
948,anger,o you aren't there
949,anger,ook i don't have to answer your questions oq i'm a big boy i you do whatever i want
950,anger,w i told you how to walk here come there there func
951,anger,ho spred wait three weeks
952,anger,you can't play bagpikes at the wedding
953,anger,ring dab it wait
954,anger,but looking does this look like a garbage can to you no
955,anger,rewe all are
956,anger,don't blame me for hugging to night wuo usionablin the nice bell man who had a drag or luggage to ten different rooms
957,anger,it's over you know a no it's not over until someone says i do
958,anger,who kand for you wy but ioll have you know that once i taught him that stuff he called me pon aunt rachel
959,anger,not making an easier that now
960,anger,lo with a chat
961,anger,didn't have to tell you that no so wort of the genrager s
962,anger,it'll she'd say no but here
963,anger,now you messdit up o you're stupid a
964,anger,yet god a take the canoe
965,anger,u
966,anger,idos do you think it's easy for me to see you with somebody else
967,anger,having learnt thatre my friends in fact  i i was married to one of them
968,anger,s just a friend thact's all
969,anger,excuse me um can i ton't you over her vor just a second
970,anger,came now that was an accident o q
971,anger,have any other strip er ma'm friends of her own
972,anger,oh i'm sorry am i getting in the way of all the rooms switching fon
973,anger,can't believe its raining again so unfa
974,anger,y can't you get a girl frin your own age
975,anger,ka could you just stop talking for the second  o yemen
976,anger,and he'll be or here thats
977,anger,i didn't misunderstand ocase she was all over me she touched my bicep for crying out loud
978,anger,iis the first time in my life i'm doing somethingthat i'm actually good at
979,anger,no don't thank me thank the jerk that never showed out how k i got to get to work
980,anger,i turned it off mother of god i turned it off
981,anger,might of control
982,anger,elps of rachel and i living together nnprobably
983,anger,absa
984,anger,or kall it amulance
985,anger,i'm sorry ia'm sorry you doo
986,anger,yes sitwise it was him ara   lokait was me   cos a you muce was jistet was all so crazy you know
987,anger,i know i am inashemin
988,anger,what what what wat is it iam i given out some kind of asexy professor vine
989,anger,i think that's the first time i' ever missed a meal happy my pants are a little loose
990,anger,
991,anger,stoopin n closet forl bogsen h
992,anger,baby would you take alginis mirts
993,anger,i won't spit and i wonc sthere at monica's breasts
994,anger,jason is not a sissy
995,anger,enana
996,anger,in my defence it was dark and he was a very pretty gu
997,anger,we have no joice
998,anger,so stupid i set some stuff in an interview that i really shouldt
999,anger,cade depenny on the species and after iave a six foot war
1000,anger,thross i told you i don't
1001,anger,no
1002,anger,hurried up and homein
1003,anger,now i yet to be cheerful
1004,anger,gaa o fro
1005,anger,join cath is clearly not fulfilling your emotional needs
1006,anger,look i'm min to go in here and you don't buy me anything ever
1007,anger,you now  headyoure the one who ended it remem
1008,anger,ben learned a little trick
1009,anger,fine
1010,anger,now
1011,anger,they delivered a therong address again
1012,anger,i took this picture from your frit
1013,anger,yat ma we feel kinnar responsible
1014,anger,yer  iwish we could just not be married for a little bit you know i just wish we could be like on a break
1015,anger,wont think bon an hour an hour
1016,anger,worse she just called and said that she was going to be working late o case she keps lying to me that's it you know int ime was goingto go over there and i'm cofronting them right now
1017,anger,o't you understand it is all wedding i'm talking about
1018,anger,pray
1019,anger,ow whatever
1020,anger,you promise me a fun road trap and we've been on the road for six hours and you've been asleep for five and a half
1021,anger,hsheers me ah that's that's my puck
1022,anger,yet this is frank bouffain you are standing right there next to him
1023,anger,you make her woneo your little jokes
1024,anger,either eat it or be in it a
1025,anger,bhen any or
1026,anger,we're so to bespending a romantic wee came together what's the matter with you
1027,anger,what went is it with you in this holiday
1028,anger,iy aun rachel isnt my swinter too tight no oh i better wash it and shriek it
1029,anger,o i do yok ci do hov a search for int because the last time i check this was still america
1030,anger,
1031,anger,par no relationsh
1032,anger,we mah now you ant get allt sensitive about it
1033,anger,that miss nothing to me
1034,anger,stop callet
1035,anger,yet yo will and or you ki me
1036,anger,you know  yo din't want to talk to us about being angry well maybe we don't talk to him at all
1037,anger,are you len a
1038,anger,i
1039,anger,i want to do it again
1040,anger,q well mygo fron theother night was special jemesa scientist too
1041,anger,niticpicoicol
1042,anger,do not always have au qu a
1043,anger,duck seems to think that monica got me garbage  i can get monica it's as good as garbage
1044,anger,that that he's against marriage and always will be
1045,anger,this is my wife fanci but get out
1046,anger,and i loved being fun aut rachel
1047,anger,de
1048,anger,the obviously wet crazy
1049,anger,no now you need your sleve night night
1050,anger,just count in our heads and as good madlips
1051,anger,feel like i can't do stuf
1052,anger,your friends are rity here pel
1053,anger,
1054,anger,are you kitting me  join joy joy joy joy joy joy joy joe
1055,anger,o have to tell her it's your moral obligation as a friend as a woman i think it's a feminist as she guise guie
1056,anger,also forget about the birds but big red insects suggest fine di
1057,anger,ho could i shit up lind i reur i'm an abash is head in landers
1058,anger,minutes joy throws his sticks in the air and i have to hear oh my eye o god my eye
1059,anger,sitaon i ci believe it k
1060,anger,it which poor sarn
1061,anger,use what are you doing with the coat about the whole animal writes they
1062,anger,rast maamat yell in dotl
1063,anger,all right i'll tell her come on bugge face
1064,anger,heo  i'm proud of that sauce it's toolish
1065,anger,mow
1066,anger,i can't believe you're not picking me
1067,anger,instead of hitting on her right away he's becoming her confidant
1068,anger,ross with his over pronouncing every single
1069,anger,you believe what a jerk cross was baing
1070,anger,and until then you are going to sing to me because the radio s broken and you are selfish but have a nice voice
1071,anger,it's terrible i know
1072,anger,that problem because of y
1073,anger,a i wan eager to do
1074,anger,i think our lover's spatfle stored a little early this month
1075,anger,swave
1076,anger,i'll hett german
1077,anger,w i've been reading of and for your information minks are not very nice
1078,anger,do not speak ill of the tek
1079,anger,you wen
1080,anger,di jou say ye's what about our cater  visi
1081,anger,hold on
1082,anger,cares at is a meanything
1083,anger,
1084,anger,oh yes
1085,anger,
1086,anger,i have had it with you guise and your cancer and your amphysim and your heart disease
1087,anger,this name has been holding me back my entire life
1088,anger,
1089,anger,or fine
1090,anger,yoing sdok
1091,anger,at the table please is like this or on shaking it down everybody want to pay off but come down o malley
1092,anger,i don't care about your dad i care about mona she was there and now she's totally free
1093,anger,o that's a fon i'm sorry jan
1094,anger,ook and forget about it o ka look at
1095,anger,their having their baby
1096,anger,what is you trying to kill me
1097,anger,what rule there's no rule if anything you owe me a table
1098,anger,look you nor i it neither does or it doesn't and if you have to even think go
1099,anger,av every staff
1100,anger,a crat
1101,anger,i was a la an oter now when cailer got pit by the peacock at the zou
1102,anger,yes id the elbow
1103,anger,you are way too young to have seen that
1104,anger,just we have to tell her oh but it's made her so happy
1105,anger,do got on explain yourself geller first you get my rachel bregnan you got rachel pry
1106,anger,of nowda
1107,anger,but just can have to wait aren't they i only hat two ints
1108,anger,never that guy that give me a bad review well i'm getting my revenge
1109,sad,that sold hm
1110,sad,my god i can have to find another minister
1111,sad,out oside so i so where
1112,sad,i'm so sorry
1113,sad,to bann
1114,sad,or am i just knots a
1115,sad,oh no  have to go oh i have a mostage appointment
1116,sad,o come on chantles funny he sophisticated and he's very lovable
1117,sad,how can i accept it i can never kiss
1118,sad,pased for the best smell dislike her i said to you
1119,sad,i've been sgone  be in active her like at itallia it's no picnic is noge of rejection no stability
1120,sad,but i feel really bad about i wreet you out whor so i calle the father and asked him to ma i yeras you could tell it l
1121,sad,buck i'm am really sorry i let go in the bank
1122,sad,sorry i did hav
1123,sad,either they're too old or they're too young and en there's pee to zos ws crazy about mammy's absolutely perfect and there's like zip going on
1124,sad,or a'm lost
1125,sad,illas is action on a great times for
1126,sad,and we wanted to throw you a big surprise and a great shower and and now you don't have either
1127,sad,far but pottery bor
1128,sad,i couldn't do it
1129,sad,man when you go away youyou have to play it's like a law
1130,sad,is it my faults
1131,sad,the front page you really do live in your own little world dont
1132,sad,we were walking by this antique store and i saw his pin in the window and i told him that it was just like whan my grandmother had when i was a little girl
1133,sad,you should be with me
1134,sad,i don't lose you
1135,sad,ah i just liked it better fore it was better
1136,sad,i'm so sorry
1137,sad,oh please quite now
1138,sad,still settin in genif
1139,sad,oh a wishen about to mig
1140,sad,i can't
1141,sad,cn swedey you've had to work late every night for the parents two weekswhat is it this actually it's cout of my fault i i quited
1142,sad,so ford stupid rain wewe can't do anything
1143,sad,s
1144,sad,ga
1145,sad,well i i thought a lot about what you said and am i realize di mai i was a little judgmental
1146,sad,i think it's time to give up the bag
1147,sad,not your name
1148,sad,what i'm a sad
1149,sad,very i'm sorry
1150,sad,oh my god rosnow hang up the fone giv me the fone ritme the bonmi he bong
1151,sad,an i ways figured when the right one comes along ill be able to be a stand up guyngle  the distance you know
1152,sad,ye that's why i'm sleeping with him on the side
1153,sad,evning i know
1154,sad,sorry that's all the time we have
1155,sad,took me twenty eight years to find one man that i want to spend my life with if i have to wait another twenty eight years then i'll be fifty six before i can have a
1156,sad,hey like a maid i makin jam oa dark this morning would doo have fruit at four in the morn
1157,sad,maladollistis my tooth
1158,sad,right he's the pig
1159,sad,i find it it means that much to you but js this can to be a ton left overon
1160,sad,ah and yo it makes it so much worse cross is all happy and uwont
1161,sad,joby i can't stand the thought of having this baby with you mad of me
1162,sad,al i to do is paid twenty five dollars in wait in lime for three hours
1163,sad,ah swe're all suree you can't make it to that one woman show er ni
1164,sad,there's something wrong with me
1165,sad,er you cas o killin me
1166,sad,bet he's totin over me i'l bet he's fine
1167,sad,apatya would you in the right thing i
1168,sad,i guess this is it
1169,sad,he rach i made polly your stuff on thi side of the room if you could just out throw your purses att it
1170,sad,enough
1171,sad,stilverc be
1172,sad,not smoking
1173,sad,an le go away stop and will play to e
1174,sad,aisabroke
1175,sad,am sorry
1176,sad,don't go
1177,sad,and i i take the adead flowers out of the fi a dot sometimes our turlite to be put the little chocolate blobbies on the cookies well you mounted and tell us about the blobby
1178,sad,not down to the mattress kin showroom and and i saw janas kissing her next husband
1179,sad,iles gory
1180,sad,it was dreadful i felt terrible about how i acted when you said those wonderful things
1181,sad,can't believe i'm here and then
1182,sad,are you out of a jar no but they stucp me in personal shopping which is such a huge step down
1183,sad,i gues
1184,sad,no no i don't could you be a dear and go tell him
1185,sad,i hat i o remeve a plague ere of both your house and so
1186,sad,i can't seem to say good bye
1187,sad,sanai thieves wit so
1188,sad,dodo something i get you to giv me drugs or youget a lot light of fire up and there just smoke it outactually i think you're ready to go to the delivery room
1189,sad,and i hope ferry doesn't kill you and ate you an a rube
1190,sad,if it's not you thi's a horrible story
1191,sad,my gon o et to kill him i thought we were just going to capture him and and you know set him free in the countryside where he could maybe me you know a friendly possum and a wise cracking owl
1192,sad,es wher as farmer says sapo i know when
1193,sad,wet of thing old
1194,sad,well joena broke up
1195,sad,wher never ii find anybody
1196,sad,m ireally don't want a chanc to
1197,sad,ow what
1198,sad,i understand i'm so sorry i'll go
1199,sad,sid
1200,sad,it's tooharnle
1201,sad,what that rachel did to her alie claran into a parents of the club at they were not plain er
1202,sad,byi by chandler i miss you already
1203,sad,obviously i screwed up
1204,sad,conce yew will bettys conceit
1205,sad,and  wish we could work it out ros but we can
1206,sad,is it something i'm putting out there
1207,sad,o monica it's our baon tine sday please please please please
1208,sad,thime ai know your pro donta go out with me you know i make too many jokes and i've never been in a serious relationship and i guess i'm not technically a doctor
1209,sad,well adif you must know i'm a widower
1210,sad,i like to think of myself as the puppet master of the gruw
1211,sad,oh god brse i cannot do this
1212,sad,stops in blood to strangers
1213,sad,why i i figured youwould a picked a blande
1214,sad,
1215,sad,yet i know it's my birthday we all should be here
1216,sad,y just trying to bring a little culture to the group
1217,sad,with hangrt o
1218,sad,these it really me things there were only barsly true
1219,sad,my late husband gave me that litter i o i'm not getting
1220,sad,kin o sorry so close so but  i u by
1221,sad,a favorit
1222,sad,i'm going to kill myself
1223,sad,so what about us everything we feel for each other
1224,sad,look he doesn't have any brothers or sisters somebodys can have to teach him this stuff
1225,sad,man tings mabe can a weird ye it is
1226,sad,that's right still no baby m peopl please to make some rule
1227,sad,i've had seven pretty seryo shocks
1228,sad,no no noll that's not what we ordered we ordered a fatfree crust with extra geee
1229,sad,god am when you and a ros first starto going out it was really hard for me am
1230,sad,rusoe stupid do yu now it's going on in there they're trying to take jo
1231,sad,
1232,sad,she could be out of town maybe she'll be gone for months
1233,sad,would not piqe you
1234,sad,iti made it's nothing i'm fine
1235,sad,oh good you're here yan i was worried that it was going to be uncomfortable
1236,sad,well the old lady died
1237,sad,y yan sorrey
1238,sad,i entering the eye     its it the warst break up in the history of the war
1239,sad,how be here
1240,sad,you have no idea what a nightmare this has been and this is so hard
1241,sad,i don't want to do this alone and e such a sweet gye and he loves me so much
1242,sad,got to be way we can wrkpast this ho kte
1243,sad,i'm sorry i do that
1244,sad,just wish that once i'd ring a guy hownd they actually li
1245,sad,oh my god i understand i'm so sorry
1246,sad,that was ten blocks from here athe woman was walking alone at night i would never do that
1247,sad,i'm sorry i thought i could do it i can't no
1248,sad,a little girl alone too uniform to her nineteen year old sister who went down to the eues as nimets and sold of two thousand boxes
1249,sad,atkno it's not ow to oman lose you it's it's like i was saying to ursula when i was making love to her and i thought she was you steward a
1250,sad,is this because of the beredo thing
1251,sad,easn't as dark en the all day itin
1252,sad,the question is do you really want to marry joy
1253,sad,the
1254,sad,it don't drink that's right i don't  but i was i was drunk on you
1255,sad,tell you my babys sister
1256,sad,a ruined everything
1257,sad,but were just wso different i meanduring your speech to get laughing at home all erectus i knew that was him
1258,sad,oso what oh you should get that anyway  not for clubbing
1259,sad,tag is not the father and joy knows now
1260,sad,jou look at tem never an to find a boy frin again die an old maid
1261,sad,rass wait
1262,sad,sorry
1263,sad,i'm what am i gig to do without you
1264,sad,e second date that's withtat i
1265,sad,hol
1266,sad,nor gni
1267,sad,on no if you get married and vagus you're only married and vacus what dor you talking about if you get married and vagus you're married every
1268,sad,ah oh because i ye haven't really paid the bill
1269,sad,it's just changed everything
1270,sad,oh yet i'm not i'm not hungry
1271,sad,you know and then she'll have to come back here and live all o
1272,sad,i am so sorry i skilled wine hollowgarshir
1273,sad,thowhose going to take me in the big apple circus
1274,sad,anyway she didn't want to stay
1275,sad,i realize that people a ging to be disappoint go im sure te'v come back when we cun get right
1276,sad,so har
1277,sad,please their having seck
1278,sad,et set o the candy boy
1279,sad,lts it that's my worst thanksgiving
1280,sad,iwa taid  i'm sorry about that whole thing with roger
1281,sad,no sorry man so what
1282,sad,really ym then i stay and read my book i tus want to be alone i naw so youdon't want to count
1283,sad,so rachael and i broke up
1284,sad,ou know for me anyway
1285,sad,
1286,sad,try to reach you at work there's been a fire
1287,sad,i look around this caffateria and you know what i sey ice icy division
1288,sad,when were you
1289,sad,not so sorry and fee t i'm sorm
1290,sad,and this is the moment my parents choose to tell me their getting divorced
1291,sad,this is hard
1292,sad,alft i can't help you
1293,sad,now
1294,sad,oh i'm sorry oh i just i thought we could have them lived and then had some peas and onions
1295,sad,wel gess i go to go get a job wen go see my ancients
1296,sad,ay freshmare
1297,sad,god and i just kits up picturing you with her can't it doesn't matter what you say or what you do ros
1298,sad,well i sort to have some bad news to i come in
1299,sad,girl our sex life it's just now
1300,sad,because it's impossible to find her apartment she was'n like some pot girl parallel universe or somethi
1301,sad,i know old thingshave been a little tight since jennie meled down god was she
1302,sad,you heard about your fans i'm so sorry
1303,sad,that was a pretty tough yew
1304,sad,sorry i didn't i don't come in here oh
1305,sad,so the people that knew about our wedding before me were you phoebe and rachel hilde and apparently some band called starlight magic
1306,sad,i shall understand right it's not le a did on purpose
1307,sad,wait wait wit wit my foot i stuck in the pot
1308,sad,ot a baby
1309,sad,is it tis happened when my grandfathe
1310,sad,
1311,sad,wor go to stand if you came by to hit me a deserved
1312,sad,between you telling him i wanted to have a playing at me putting out on the first day always sto get to get the wrong idea
1313,sad,propply up in you row
1314,sad,one more sing in my life is suddenly completely different
1315,sad,so ufortunate
1316,sad,dont you wear a white coat i wear blue blazon that means we can't be friends at work and so beit and
1317,sad,is all i ever get to do now is fragmant stuff wic just puns me out
1318,sad,oh my god we killed bob
1319,sad,in that ansthey dount
1320,sad,no she just died to day m ifit were having a memorial service to morrow
1321,sad,oyou kind
1322,sad,i havy money eteaa    i a dally i just
1323,sad,it had fantasies about emily
1324,sad,sorries my friend phoebe's nowise
1325,sad,bi the way he dub me to night after you had my reviews
1326,sad,ross i still can't forgive you for what you did just spent sometimes when i'm with you i just i feel
1327,sad,and then maybe there gannay have to leave the city to be neara vovo dealership
1328,sad,o keep it listen did you did you tell any one about us
1329,sad,so i'm sorry i just don't think we should go away together yet
1330,sad,rachel were sorry for pushing those guies on you no
1331,sad,it's me i know you can't stand to bein the same room as me so i just thought i'd trying toapologize over the phone
1332,sad,i may go talk to a friend
1333,sad,i look i'm about what happened earlier o
1334,sad,soso to go on to happier things said kay am which tell me about your lovely wedding
1335,sad,whispereteroree eejanus eplied janus
1336,sad,o way no shat i don't i
1337,sad,o surry i always slipped in the back when we drove up
1338,sad,dvid that i was in love with david who went to russa and broke my heart david oh my god
1339,sad,would even ado when he finds that he wasn't even asked
1340,sad,sti
1341,sad,very abeancs an a rso alaela unbordnat
1342,sad,oh i would never do that you  youre like my brother
1343,sad,she loves you
1344,sad,i mean i realize that its feelings may never completely go away
1345,sad,dericly
1346,sad,well wen am
1347,sad,i love you too rage forget about that british chippy
1348,sad,lere goin to tell you i'm i'm sorry you lost
1349,sad,oh you're so lucky my fianca wants the heavy metal band carcass
1350,sad,o you've been through so muc
1351,sad,rriht here
1352,sad,
1353,sad,onme ask you something wis kept a bed of room a ane
1354,sad,some atei to mise way you want a baby
1355,sad,he proposed to me with the ring i got goose bumps
1356,sad,ay o be in of your got blew it i wouldn't have even hired me tor
1357,sad,
1358,sad,ye eedin a lat well gets my work here's done
1359,sad,no really no please that's tata
1360,sad,yoot tforget no no no
1361,sad,no ptyo put kafyana wan apologized oh ye
1362,sad,my wife's alesbian
1363,sad,wewhat the saddest part is we were playing together that was like the most fun i've ever had in like all my lives
1364,sad,like she's the princess and stable boy live jointhis ha did ros tell you not to let me go over there
1365,sad,ir the point is my natural carizma i has made him fail his mentern
1366,sad,well first for forgetting to throw you a bridal shower
1367,sad,don't know i just dasn't feel right
1368,sad,for you would think he would be worried about me not showing up at his claw
1369,sad,honey an scorppiel no no it's not it's notcadocat sops the no swing band no lilies nnont you know what it's going to e
1370,sad,wat can ye blame her
1371,sad,was horrible a they called me chicken boy
1372,sad,i'm so sorry
1373,sad,oh o k i'm sorry
1374,sad,a well tormay die
1375,sad,don't gell it me oqe this is the lowside seen you all wek
1376,sad,please promise me that you'll tell her that
1377,sad,during a black out like a trample
1378,sad,i can't your a totally different person to me now
1379,sad,now he's gotit to contract opposite susan wilche
1380,sad,it was a mistake please don't take this to mean anything because it doesn't
1381,sad,all right  not english
1382,sad,cme onandyou ou got to give me a second chance i
1383,sad,meaningless dead and chobe and nobody here even knows that i exist
1384,sad,i your going yu're going because you hope he's going
1385,sad,i was really nervous and the accent justa just came out
1386,sad,bhebe bhe be don' bee me rane oan she made me after you i guess
1387,sad,o again when it's all i can do not to kiss you right now
1388,sad,that i teac just wen on he's right theris that the float jacket on i canno
1389,sad,where the disposwer camers what disposale came
1390,sad,
1391,sad,so pi
1392,sad,so hot i cried myself to sleep last night
1393,sad,a a worst christmas ever get awa
1394,sad,i know you probably think this is all about what i said the other night about you making love with your sock so on but it isn't at isn't its about me and i did
1395,sad,he you hadn't been practising the routine have you mo
1396,sad,no the one lake city god loves u slot it seas he's get a double the college money my grandma left me
1397,sad,i don't have to give up the bag to emage
1398,sad,i can't she duck me i totally trusted her and then one day was a oc biphebes and  gone
1399,sad,wa he asking any other pain customers to put on aprons
1400,sad,oh that was yours a yah we used it when the duck was throwing up caterpillars william san oma fall catalogue page twenty seven
1401,sad,ono i think it woul go home and etak care fors
1402,sad,all god
1403,sad,sorrifeit e
1404,sad,mop but you relex
1405,sad,he i'm i'm goin o gar can i to remember you
1406,sad,as al wits me lately
1407,sad,i don't know if i one awear woman sire
1408,sad,annow before she died
1409,sad,you hurry up
1410,sad,go
1411,sad,last night she was teaching everybody how to make napkins ju her
1412,sad,i don't want to give up to bachy
1413,sad,joy i have to go
1414,sad,ari call leave
1415,sad,oh that's five roars five women have had fine babies and i have than no babies why doesnit you art come out
1416,sad,il thit was depressing i think i just bought a soft petcil from one of the kits from fame
1417,sad,wot you hang out o out o me
1418,sad,howmegay we at the doctor aha h  i'm just getting out of a very serious relation
1419,sad,well they have a some unusual pet names for each other
1420,sad,you know you cannot be really really hard to get over
1421,sad,oh no i am it that's not true
1422,sad,monica
1423,sad,that o wecan't believe youre so in the h
1424,sad,and wout sorryvig
1425,sad,never can get to sleep with anyone
1426,sad,now i just i wanted i need to be allowed
1427,sad,ah does tht mee same goody sail as over
1428,sad,embarrassing at kis made fun of me that
1429,sad,are you going you're going because you helpe he's going to say you i love you too wrech forget about that british chippy
1430,sad,the empty vas is not about you my baby bresiosa you make me so sad that you would think this
1431,sad,joint wiser cable
1432,sad,phoebe ye say my name say it
1433,sad,but i just checked our messages and judge what didn't call
1434,sad,i don't know my mother spent most of her money on her fourth wedding
1435,sad,and she kissed me
1436,sad,well i mean esfar if emily gave me a
1437,sad,but lately all the guis i meed seem really nice at first and then they turned out to be the biggest jerk
1438,sad,im slight change of plans we shut down
1439,sad,don'tworry i asked him and he's tolk railcate within you so
1440,sad,of course we are we left it up defate
1441,sad,good night o
1442,sad,really yen when you were talking about roger that was killing me but
1443,sad,ave to pete n rachel's in the bate
1444,sad,i can't see you any more
1445,sad,i look n oking these jerks might not care about you but the universe does and that says a lot
1446,sad,they have a liking problem with you
1447,sad,all hat have been up here i been worry
1448,sad,i i i'll do it
1449,sad,some
1450,sad,because of the leather pants
1451,sad,she hasn't called i goot even care i don't o ye wanting you just called her
1452,sad,oh i've been stating
1453,sad,it's not how that was fostcol mit
1454,sad,or or friday with know two peaches
1455,sad,ea
1456,sad,o very well that's good to know
1457,sad,jujust a couple more boxes it's nobeheal all right i'm cool you got help me ovith a couple more boxes
1458,sad,adidn't eat the anomeman ha
1459,sad,i know i'm sorry the guis's drunk it won't let me go untill we get this
1460,sad,why didn't know you in care of getting divorce i'msorry
1461,sad,som what happens to the olgis
1462,sad,oh no i he m me body please ot answered that girl i reasn like runnin te gavisho
1463,sad,e probably too bold to do that now
1464,sad,i will just have to soak up every ounce of tanler being until that moment comes
1465,sad,i  want to apologize if i  seem to tad edgy yesterday my shower o know  hornmones you know
1466,sad,look i just lost my other
1467,sad,just knocke the right tim
1468,sad,someone out there may have been bed mouthing you all of the town a grasped
1469,sad,you think breaking up with him was a huge mistake thet there are no questions in the happy place gatus the warm breeze and the moonlight flowing through the tree
1470,sad,tiis numbers reay
1471,sad,a mas feel terrible but i have to do this if i want my marriage
1472,sad,i have never known love like this a
1473,sad,mon so i was checking althea mel six i
1474,sad,i've been talking to you for five minutes now about killing myself and no one's even looked up from their desk at anga
1475,sad,sorry robged dobe
1476,sad,so know i shall bad for the kid
1477,sad,your good heart greac
1478,sad,buscata
1479,sad,phabes that sucks yble don't of feeds that sucks me yet
1480,sad,am so so sorry of that yes
1481,sad,oh god o ay she seems so happy too
1482,sad,all right all right you're right i won't do anything with joy i just aut ip a
1483,sad,nor on bra
1484,sad,i won't call her right now
1485,sad,so do yo think you can forgive me
1486,sad,an wa on to know that there may be some times when i i may not be round like this
1487,sad,sate
1488,sad,but that woman sitting oup by the pull gettind tan saw leathering wrinkled wat so jos
1489,sad,noth minononoether look have thought a lot about how to tell you this and em the bottom line ross is we cannot stay married
1490,sad,then i don't know what to do ah could i throb in my divergenie
1491,sad,thus she's lovely nig i like a girl with a strong jaw
1492,sad,o  just tell emiwy that i love her
1493,sad,s
1494,sad,ani am sorry about what i said
1495,sad,i just saw my best friend's brain smeared across the canvags it's not going to be me not me
1496,sad,no because he's in wha but the british
1497,sad,ross joy joy ross
1498,sad,on the ruptiord scleeng sack a
1499,sad,a ory amsar abso
1500,sad,liee ow would god now
1501,sad,i'm sorry you didn't get to go to space camp and i'm hoping that maybe somehow this may help make up for it unki presenting seratotols private very special pac ca
1502,sad,how are you ong we i fy fun
1503,sad,no i wantto tell you yesterday but i just yet i felt all flupy and
1504,sad,poor little tudy is scared to dash  she find his own
1505,sad,oh too soon too shmoan i said honey i am not letting you get away this time
1506,sad,a actually i think hof been a skippee
1507,sad,i'm sorry i notice must be really hard ha an it's over
1508,sad,i'm sorry
1509,sad,pepim
1510,sad,shoot i work monday nights
1511,sad,i want him to have his uncle
1512,sad,i've just so excited to see you ah
1513,sad,i get her a tifny cotter a princess cotter
1514,sad,iyam i sure know how to pick im ha you know i col up a far on ta soap for this
1515,sad,i love you but it's gen real late now i ema listen i made the appointment with doctor bazita and
1516,sad,i mama  well im gramma died to day wow
1517,sad,okite no wat you cannot use that to get the cuki and the last blueverry muff did i use that already to day i'm sorry
1518,sad,well i'll were get a mist yo round you
1519,sad,so well crowd she do
1520,sad,late she's avoiding me she has want to tell me where my father is she
1521,sad,is wone thing messing
1522,sad,chanler sold me out well i'm sorry joe i didn't think the doctor was going to buy that t just fell out of this socket
1523,sad,this is the hardest letter i ever had to write
1524,sad,i no because he's corgious ut he's charming and he looks iio
1525,sad,there's note to be a wedding ross and i are not getting warred
1526,sad,oh my nuw mam whos os a big fat abandoner
1527,sad,i'm sorry we can't story your child wot things
1528,sad,me av lin get to say it i
1529,sad,and of course the indians
1530,sad,pole worse mu
1531,sad,a sorry man there's never a good time to have to stop catching on fire
1532,sad,don't know if the world is ready for you and your pag
1533,sad,nd i as sorry but that's my happy place
1534,sad,the two hundred dollars an hour electrician couldn't figure out what it did
1535,sad,scape it
1536,sad,sorry a a i scared yo in there
1537,sad,trasor
1538,sad,i'm so sorry
1539,sad,nou
1540,sad,my bed so boring
1541,sad,is al taspa
1542,sad,i got yo  o  oo os oanagienit's west that in do it and
1543,sad,wish sir yor king
1544,sad,tell ige of me whie you'regetting me so mice tea
1545,sad,sas crazy him in such a stupid argument not even wont to see richard again ogod fix it
1546,sad,is for me not to see you any more
1547,sad,a
1548,sad,you still love me
1549,sad,you have no idea how much i need this
1550,sad,yeft while i was in my chair
1551,sad,i'm just o'm out of sorts hey can we get some caff at she know over here oh wrigt that's
1552,sad,hollo made a passim
1553,sad,but i have to tell him how i fee
1554,sad,ma'am madyou about a minute i cand of have some bad news i don't think i can move to tell some
1555,sad,
1556,sad,i can't believe jels gone  ii can't help at i open to gate
1557,sad,of i now
1558,sad,i know begiuse to be grandmother you have to be married and ham children and i don't have any lest thing tine the amy
1559,sad,luggage you makin a crant for me
1560,sad,i qu
1561,sad,you ah you may have been right about jil
1562,sad,i dn't know i think it does somethingto sularme
1563,sad,stell you gont to geve me some work i lost my health in show
1564,sad,mosh  a a worsewad
1565,sad,i know  o  e mobsar
1566,sad,why am i only attracted the guy is where there is no fut
1567,sad,phabes that sacks
1568,sad,well i kind wanted to sell the cookies the girl who sells most wins e trip to space camp and gets jo sit in a real spacia
1569,sad,i shee wimmer stuffi tailor i'm sorry to t
1570,sad,crazy lady thinks her mother is in a can
1571,sad,greatb why don't i just gar with an ex boy friend you know and youn do joe a favor
1572,sad,yep ep that's what i didn't want to know
1573,sad,can't marry him why not
1574,sad,time we just had this huge fire i don't have to wait awhile
1575,sad,plastri poke of her practice
1576,sad,i listend i'm sorry about before
1577,sad,an madn im wron
1578,sad,no no my god
1579,sad,i'm aus i'm sorry but i'll put some out first thing in the morning
1580,sad,then ow come it is
1581,sad,i am so so so so sorry
1582,sad,i'm sorry
1583,sad,well i never coan have first kiss again
1584,sad,oh iam so sopi
1585,sad,for the next month well i can't give you a missage because my license has been provoked again
1586,sad,no his official they are no good movies
1587,sad,yes that would av made more sense
1588,sad,the doctor sent your mier could add i no ane to hear about it
1589,sad,ge and fine
1590,sad,come on what ae he doing i'm in charicter we talk to her
1591,sad,e you ash you ane here a freakish coincidence guess who is doing laundry there too
1592,sad,and i lost
1593,sad,the doctor says it's a matter of ours
1594,sad,hou wouldn't return my cause you sent back my letters
1595,sad,you know i i'm not a be able to enjoy this
1596,sad,it was e it was really nice she would have liked t
1597,sad,and did you no
1598,sad,no now why do you want to kill your so
1599,sad,no nuffy me acamon i don't wa a swach o bleaze come on i could throw wet paper towels here
1600,sad,musician right outside the restaurant of a mood killer
1601,sad,so they are they all took off ut it was pretty hard watch on them going you know
1602,sad,you know what you know what it's mat
1603,sad,no onny i'm sorry
1604,sad,i oq well apparently
1605,sad,stupid balls or in the wood
1606,sad,well i'll try to get back as soon as i can i'm sorry and end i must have my time teech miss hyence which is funny because that was it even by major
1607,sad,not wrong i wish i was sorry lide but that barry amendament as a senso bad now
1608,sad,here we go again
1609,sad,you know without huwithout these arms tilou fa hiat hart
1610,sad,o sorry
1611,sad,there's as kid in my class who said he's in love with me
1612,sad,as if feels like two
1613,sad,yes i' i'm sorry i know you really wanted me to name the baby joy
1614,sad,it's justtem it's my frie
1615,sad,no when it comes to sweets he's surprisingly strick
1616,sad,s not like that of kiper like the birds ot  ot amot   amot anmost ont ohey he
1617,sad,canophylic it's my fault
1618,sad,that's too bad can't have been saven up harde're sure there's no studies like coal peticipate
1619,sad,o stoppining yourself a
1620,sad,monokitad
1621,sad,where in cuba
1622,sad,what the baby's coming then i an't kno what to do oh could i throb in my diver genie
1623,sad,sho i really never get the wind any more
1624,sad,listen i' my i'm sorry been so crazy and jealous and it's susi like get lot so
1625,sad,oh oh monica we are so sorry for what
1626,sad,i mean i was going to be hopeless
1627,sad,now i haven't had that feeling since i first heard going out a tailor well i'm egoing to have that feeling again ti if yous alike a guide
1628,sad,they far we starting to snow
1629,sad,todoipe
1630,sad,o i shouldn't have mentiond it that's what i wanted to name my kid
1631,sad,i no i still
1632,sad,hair
1633,sad,gi ad that's never gain a happin i cross
1634,sad,will sidnigh are trying again and we had trouble last time because apparentll
1635,sad,yes yes very difficult to enjoy thanksgiving dinner woln't you seen it in reverse
1636,sad,so if you wear that will make mine less special
1637,sad,
1638,sad,oh my gutletle he's taking off er
1639,sad,mixt congratulations are us  bi bregg
1640,sad,ano but   i made a huge mistake i never should have broken up with her will yo hel me please
1641,sad,i really think this is a good idea i just talked him in
1642,sad,o  lady pleaced please takeim to too
1643,sad,o hey locase a you are not a fan  i mean come on you cannot do this to her ah
1644,sad,white li i
1645,sad,a whose can it crash the embathy parties with
1646,sad,ah yes sorry about that
1647,sad,i paid more attention for i how tho udigreus
1648,sad,they've arrested monica
1649,sad,how could it not be when pretty soon theyre din to be having kids and then they're just going to be hanging out with other couples who have kid
1650,sad,i went to one where i were a band uniform tey had to have specially made
1651,sad,well it helps the bee look tough in front of his bee friends the bee is happy and i am definitely not
1652,sad,i'd stop it naw goure just doing it to freak me out
1653,sad,o k i dn't knowhat to do anymo
1654,sad,onlieis is taking so har i doi
1655,sad,it's at the first time i lest to go to a cowboy sprank calone be john famed
1656,sad,so forcing her to marry bobby is going to make that happe
1657,sad,why no you canwo stop and i'm red rose
1658,sad,course joy wouldn't let you have one
1659,sad,ut were at a snota
1660,sad,
1661,sad,much as my antire family was run out of scotland by bikings
1662,sad,
1663,sad,as my land that's my lands im you'll have i my  er
1664,sad,pho not bed you know that feeling when you're trying to blow a sank bernarn at your ass
1665,sad,now
1666,sad,sorry
1667,sad,i'm sorry
1668,sad,m sorry
1669,sad,ah miss we listen you cannot go unlike a thousand interviews before you get a john
1670,sad,un varin
1671,sad,a amsur i'd just a be misinters to her
1672,sad,sorry to ay
1673,sad,oh no it's hard this pautonomy thing
1674,sad,were you so lit because you were burying this woman
1675,sad,tus about me taking your watch
1676,sad,be
1677,sad,such a jerk
1678,sad,hercestor closing down the mar
1679,sad,but it tell the truth dea theyd a pum with the ba no no
1680,sad,i eat by myself in the alley because everybody hates me
1681,sad,i just feel i i just know
1682,sad,this poor guy's been in a coma for five years it's hope
1683,sad,you think it looked amaizie
1684,sad,lesten i'm sorry i had to work to night
1685,sad,i've got some bad news
1686,sad,owell girn i i kind of ha even hav lost him
1687,sad,no featr tis i want t apologize for for saying your method was stupid and an maybe ask you to be my teacher again
1688,sad,oh you've already agreed to this haven't you
1689,sad,sorry that very fair to you
1690,sad,mam's friend phoebe is actually my birth mamm
1691,sad,there's no money what this is terrible you'd bester  have to get married and like a recenter
1692,sad,amiti
1693,sad,ake no way with this huguise call her an work at
1694,sad,well since the fire was kind of my fault i guiss ye should get to stay
1695,sad,i just want to watch a little tellivish in what is the big deal she's relaxed mamm
1696,sad,i know i no but can we please try it again an you so close pheby
1697,sad,come on joy don't make me feel badly about
1698,sad,did i use then already to day i'm sorry
1699,sad,sirk a
1700,sad,how can i knowing i'll never hold you in my arms again or touch your skins or fill your lips knowing i'll never make love to you
1701,sad,i really wish they'd care just a little
1702,sad,sor that guide the sowboy licked your neck oaa no got so ka heis a friend
1703,sad,ork and i do i have to make this marriage work i have to
1704,sad,it's a money thing we don't have any
1705,sad,on more chance ursua please
1706,sad,an a no ar to move to a volvel dealership
1707,sad,anyway i just some think is for the best
1708,sad,oh lou me i am so sorr
1709,sad,won't wait a minute
1710,sad,a thanksgiven when no turkey e is like lake forth of july with no apple pa
1711,sad,an i por
1712,sad,this the thing look at the
1713,sad,she's forbidden froad it's like like
1714,sad,so anywat rachel i'm sorry you can't stay the rest of us have a lot of work to do
1715,sad,i used to think of you as somebody that would never ever hurt me b
1716,sad,so you didn't a she was ross before me
1717,sad,buth she wouldn't do that she'sshe's me
1718,sad,ecause she is ches cheis alone now and been pregnant and then sad
1719,sad,ant tollisten to him he's just some guy who really wants the apartment i don't think he's going to get it a
1720,sad,no yer i am sorry
1721,sad,it's too complicated with you and rachel and the baby i just it just was it meant to be
1722,sad,i'm so sorry you guise and in't made to bring you down
1723,sad,what is the big deal it's not like weare exclusive
1724,sad,that it is a is yes he says i' damage goods
1725,sad,dos that mean the same thing in england as it does in america
1726,sad,you do a track some stankers
1727,sad,i just ifid just wont of you married again
1728,sad,i wasn't in the nat of
1729,sad,ah  markam jus do othirs for the wrong reasons you know
1730,sad,w you know you don't deserve us you don't rot ar you're really
1731,sad,i don't see all all a good stuff and all the sweet stuff
1732,sad,i can't do this
1733,sad,ther nont the cunchous man in the city for you two
1734,sad,you're so good
1735,sad,what ove red tell her
1736,sad,and i'm very sorry but i really don't know where your father is and that's the truth
1737,sad,ead
1738,sad,all the time
1739,sad,oh i would acquit but then i think i should stick it out then i think why would such a person stay in such a demeaning job
1740,sad,get no water was a stoop ol play anyway
1741,sad,oh fiercely how coald you watch us art you stare
1742,sad,it's lafitte the seventy four latouriis actually drinking quite nicely ara
1743,sad,and i'm ashamed to say that i took it i advised a fellow actor of play a roll
1744,sad,tell that to them oh you can't they're dead
1745,sad,and hatton does not have enough stores
1746,sad,i just saw danny getting on the subway with a girl and he had his arm around her
1747,sad,iasure will the ey lide before
1748,sad,no who maybe hi i don't know
1749,sad,oh ar even ever date
1750,sad,we'll go to miss this apartment yau old ben ben took his first steps right over there
1751,sad,a i am so sorry o ii promise i will straighten this out with him to morrow in person or the aemial
1752,sad,sorry
1753,sad,i certainly doesn't sound like there's something wrong with me j kind of  happy is that what i'm supposed to be vic
1754,sad,ye i well you know i i mean i miss the the semi final so i think i would just be lost
1755,sad,how cam forin
1756,sad,says he's really gein a missyou guide
1757,sad,and i love you and i want us to be friends and if i keep living here i don't see that happening
1758,sad,because you are not a grandmother
1759,sad,
1760,sad,a you still have feelings for
1761,sad,you had a rough ther ah yet al ike yet commercial
1762,sad,i'm just doing it to get back at ros
1763,sad,i was a bold night writing this really nasty letter to emile it was perfect and now it's old coveredin in sh actually thash
1764,sad,nano
1765,sad,and milly
1766,sad,look at her he's even got waitress experience ugh
1767,sad,by you
1768,sad,yet was really hard
1769,sad,i am so guilty of a ro
1770,sad,or so would even o do what can i do what person wants to break up you break up
1771,sad,i lost my mam to suicide
1772,sad,was it awful well it was long
1773,sad,oh that's terribum i'm really sorry
1774,sad,what
1775,sad,guy bought it i'm sorry i tried to stop it but they put me in jail
1776,sad,no we are not there ar any answers
1777,sad,yeah now thats her but you know what doesn't matter i'm never going t get to meet her anyway sai
1778,sad,and she won't tell me
1779,sad,wel cross your ride iut and of wile we cut is is rail grands a
1780,sad,is my baby going to have his uncle joy
1781,sad,please help me hom for old time's sake
1782,sad,law or respyn on
1783,sad,whose i o to tha mattr are you in all it matters that you look so a
1784,sad,good bye mornaca i wish you a lifetime of happiness with him
1785,sad,i can't believe we have to stop seeing each other
1786,sad,when i went there on what would have been our honey moon it was i it was really nice e would have liked it
1787,sad,but then i lose my nerve and i always finish with go to the bathroom
1788,sad,i im sorry i think i can walk the resterway now just isking me my boots i have your boots why don't have them either where are they well why don't you checkin one of my saddle bags well
1789,sad,no not in all that's tats ridiculous
1790,sad,hey can o go
